Experiment order,Source.Name,File (ID),Volume (mm3),Surface Area (mm2),Length (mm),Width (mm),Height (mm),Mass (g),Density (kg/m3)
14,0407_09.csv,0407_09_mesh_3.ply,2.74,53.587,10.073,3.587,1.972,0.001,364.9635036
20,0409_02.csv,0409_02_mesh_9.ply,16.778,56.393,12.033,3.117,1.593,0.002,119.2037192
18,0408_05.csv,0408_05_mesh_16.ply,61.727,39.721,15.951,3.501,1.575,0.003,48.60109838
20,0409_02.csv,0409_02_mesh_14.ply,12.29,46.09,11.039,3.854,1.736,0.003,244.100895
14,0407_09.csv,0407_09_mesh_2.ply,4.956,59.124,8.36,4.306,1.903,0.003,605.3268765
20,0409_02.csv,0409_02_mesh_3.ply,18.778,60.025,10.646,2.983,1.962,0.003,159.7614229
20,0409_02.csv,0409_02_mesh_1.ply,14.283,47.708,7.171,3.494,2.122,0.003,210.0399076
16,0407_21.csv,0407_21_mesh_16.ply,10.744,51.37,16.035,3.112,1.407,0.004,372.3008191
6,0403_13.csv,0403_13_mesh_7.ply,17.36,87.936,25.47,3.628,1.947,0.004,230.4147465
16,0407_21.csv,0407_21_mesh_13.ply,13.216,48.788,14.596,2.226,2.057,0.004,302.6634383
20,0409_02.csv,0409_02_mesh_18.ply,25.218,63.298,6.977,6.632,2.089,0.004,158.616861
20,0409_01.csv,0409_01_mesh_6.ply,7.881,77.034,10.182,4.39,2.243,0.004,507.5498033
20,0409_02.csv,0409_02_mesh_2.ply,10.572,62.25,6.511,6.16,2.821,0.004,378.3579266
20,0409_02.csv,0409_02_mesh_15.ply,11.152,85.705,11.488,6.923,1.362,0.005,448.3500717
16,0407_21.csv,0407_21_mesh_15.ply,12.859,57.543,17.45,2.559,1.581,0.005,388.8327242
18,0408_05.csv,0408_05_mesh_18.ply,61.068,52.628,11.729,9.625,1.84,0.005,81.87594157
20,0409_01.csv,0409_01_mesh_20.ply,29.461,116.217,23.962,4.112,2.862,0.005,169.7158956
20,0409_01.csv,0409_01_mesh_19.ply,24.933,119.876,18.714,6.666,3.236,0.005,200.5374403
20,0409_02.csv,0409_02_mesh_19.ply,24.72,64.105,7.909,4.82,3.42,0.005,202.2653722
20,0409_01.csv,0409_01_mesh_18.ply,13.09,85.333,13.034,7.047,3.996,0.005,381.9709702
20,0409_02.csv,0409_02_mesh_12.ply,20.104,103.979,8.043,8.277,4.49,0.005,248.706725
16,0407_21.csv,0407_21_mesh_3.ply,26.724,88.878,19.138,3.23,1.884,0.006,224.5172878
18,0408_05.csv,0408_05_mesh_4.ply,24.136,50.035,14.824,2.626,1.894,0.006,248.5913159
20,0409_02.csv,0409_02_mesh_5.ply,12.109,71.474,5.856,6.363,1.906,0.006,495.4992155
20,0409_02.csv,0409_02_mesh_6.ply,25.305,73.433,7.783,6.382,2.095,0.006,237.107291
20,0409_02.csv,0409_02_mesh_11.ply,18.645,49.752,8.301,5.628,2.149,0.006,321.8020917
18,0408_05.csv,0408_05_mesh_7.ply,15.903,38.108,8.404,4.144,2.174,0.006,377.2873043
20,0409_02.csv,0409_02_mesh_13.ply,19.613,163.423,14.959,6.828,2.186,0.006,305.9195432
18,0408_04.csv,0408_04_mesh_13.ply,34.174,107.532,12.845,7.949,2.532,0.006,175.5720723
16,0407_20.csv,0407_20_mesh_19.ply,33.274,78.887,12.834,2.497,2.537,0.006,180.3209713
20,0409_01.csv,0409_01_mesh_22.ply,28.191,52.322,5.954,3.448,3.342,0.006,212.8338832
16,0407_21.csv,0407_21_mesh_2.ply,7.249,104.069,9.634,6.131,3.395,0.006,827.7003725
20,0409_01.csv,0409_01_mesh_3.ply,12.479,100.992,10.17,5.832,4.11,0.006,480.807757
16,0407_21.csv,0407_21_mesh_17.ply,20.396,67.203,14.703,2.589,1.732,0.007,343.2045499
18,0408_05.csv,0408_05_mesh_15.ply,89.057,43.609,15.222,2.581,1.914,0.007,78.60134521
18,0408_05.csv,0408_05_mesh_12.ply,48.571,44.296,8.385,7.008,2.006,0.007,144.1189187
6,0403_16.csv,0403_16_mesh_12.ply,39.753,95.588,15.874,2.514,2.254,0.007,176.0873393
20,0409_01.csv,0409_01_mesh_12.ply,15.376,96.703,11.899,4.855,2.266,0.007,455.2549428
16,0407_21.csv,0407_21_mesh_9.ply,22.784,51.167,6.78,2.866,2.369,0.007,307.2331461
16,0407_20.csv,0407_20_mesh_21.ply,34.753,97.506,17.047,4.752,2.369,0.007,201.42146
20,0409_02.csv,0409_02_mesh_4.ply,23.71,64.216,7.525,3.182,2.42,0.007,295.2340784
16,0407_21.csv,0407_21_mesh_5.ply,29.764,63.068,8.068,4.259,2.542,0.007,235.1834431
20,0408_14.csv,0408_14_mesh_15.ply,29.408,83.171,13.303,3.248,2.639,0.007,238.0304679
18,0408_04.csv,0408_04_mesh_12.ply,17.87,145.721,14.278,4.669,2.98,0.007,391.7179631
16,0407_19.csv,0407_19_mesh_2.ply,67.639,149.687,13.096,7.911,3.102,0.007,103.4905897
16,0407_20.csv,0407_20_mesh_3.ply,30.227,79.78,10.034,5.043,3.132,0.007,231.5810368
18,0408_05.csv,0408_05_mesh_5.ply,230.84,77.823,8.256,7.362,7.182,0.007,30.32403396
18,0408_05.csv,0408_05_mesh_19.ply,121.755,45.337,9.465,7.642,1.761,0.008,65.7057205
16,0407_20.csv,0407_20_mesh_10.ply,6.61,147.316,11.866,7.39,2.071,0.008,1210.287443
16,0407_21.csv,0407_21_mesh_4.ply,34.871,80.937,12.327,3.209,2.26,0.008,229.4169941
16,0407_21.csv,0407_21_mesh_11.ply,17.708,89.102,8.706,7.67,2.386,0.008,451.7732098
6,0403_16.csv,0403_16_mesh_15.ply,31.222,100.571,20.694,4.937,2.558,0.008,256.2295817
20,0409_01.csv,0409_01_mesh_17.ply,24.946,89.803,14.575,7.253,2.976,0.008,320.6926962
16,0407_21.csv,0407_21_mesh_6.ply,6.638,107.367,8.517,8.495,3.086,0.008,1205.182284
20,0409_01.csv,0409_01_mesh_9.ply,26.994,79.962,7.514,6.329,3.529,0.008,296.3621546
20,0409_01.csv,0409_01_mesh_16.ply,34.279,86.452,14.743,4.022,3.72,0.008,233.3790367
18,0408_05.csv,0408_05_mesh_1.ply,29.295,53.483,12.2,6.985,1.832,0.009,307.2196621
18,0408_05.csv,0408_05_mesh_3.ply,22.066,49.243,18.189,2.968,1.922,0.009,407.8673072
16,0407_21.csv,0407_21_mesh_14.ply,20.28,71.673,15.838,4.418,1.942,0.009,443.7869822
20,0409_01.csv,0409_01_mesh_15.ply,37.734,127.516,16.821,5.819,2.652,0.009,238.5116871
18,0408_05.csv,0408_05_mesh_11.ply,16.763,107.436,33.277,8.454,2.782,0.009,536.8967369
18,0408_05.csv,0408_05_mesh_9.ply,18.274,51.244,7.932,8.155,2.998,0.009,492.5030097
18,0408_05.csv,0408_05_mesh_13.ply,24.42,104.61,32.657,7.482,3.181,0.009,368.5503686
18,0408_04.csv,0408_04_mesh_20.ply,33.04,138.256,10.678,8.48,4.39,0.009,272.3970944
20,0409_01.csv,0409_01_mesh_8.ply,25.656,117.86,7.106,7.133,5.64,0.009,350.7951356
20,0409_01.csv,0409_01_mesh_13.ply,31.933,83.427,7.498,6.595,2.318,0.01,313.1556697
16,0407_21.csv,0407_21_mesh_10.ply,33.073,69.279,8.627,3.49,2.638,0.01,302.3614429
10,0406_01.csv,0406_01_mesh_7.ply,40.566,133.042,22.976,8.393,2.947,0.01,246.5118572
18,0408_04.csv,0408_04_mesh_11.ply,47.885,194.179,22.508,7.486,3.412,0.01,208.833664
16,0407_20.csv,0407_20_mesh_11.ply,35.534,120.474,17.381,5.419,3.825,0.01,281.4206112
18,0408_04.csv,0408_04_mesh_16.ply,27.261,142.876,21.708,7.269,5.027,0.01,366.8244012
16,0407_21.csv,0407_21_mesh_7.ply,55.775,153.783,29.395,5.665,2.276,0.011,197.2209771
18,0408_04.csv,0408_04_mesh_21.ply,37.542,108.902,20.722,5.061,2.497,0.011,293.0051675
18,0408_05.csv,0408_05_mesh_14.ply,66.591,81.767,24.172,4.275,2.529,0.011,165.1874878
16,0407_21.csv,0407_21_mesh_1.ply,36.452,84.262,11.153,5.119,2.583,0.011,301.7667069
8,0405_01.csv,0405_01_mesh_7.ply,41.877,130.632,19.198,4.583,2.73,0.011,262.6740215
12,0406_14.csv,0406_14_mesh_4.ply,26.277,129.125,16.773,5.343,2.912,0.011,418.6170415
20,0409_01.csv,0409_01_mesh_10.ply,26.333,73.552,5.689,5.53,3.47,0.011,417.7268067
20,0408_14.csv,0408_14_mesh_2.ply,25.204,144.675,13.058,7.535,3.552,0.011,436.4386605
20,0408_14.csv,0408_14_mesh_12.ply,58.62,108.634,13.448,2.57,3.631,0.011,187.6492665
18,0408_04.csv,0408_04_mesh_8.ply,39.951,104.384,19.671,3.094,3.634,0.011,275.3372882
20,0408_14.csv,0408_14_mesh_26.ply,32.708,87.484,13.953,5.297,4.594,0.011,336.3091598
10,0406_02.csv,0406_02_mesh_1.ply,24.681,77.96,17.618,2.664,2.088,0.012,486.2039626
10,0406_02.csv,0406_02_mesh_2.ply,34.889,108.996,18.811,3.713,2.447,0.012,343.9479492
14,0407_08.csv,0407_08_mesh_4.ply,25.259,121.633,12.087,4.954,2.492,0.012,475.07819
20,0409_01.csv,0409_01_mesh_2.ply,36.714,119.443,13.591,5.242,3.012,0.012,326.8507926
16,0407_20.csv,0407_20_mesh_25.ply,43.92,101.895,16.519,4.102,3.143,0.012,273.2240437
20,0409_01.csv,0409_01_mesh_5.ply,37.665,75.658,6.907,3.241,4.299,0.012,318.5981681
20,0409_01.csv,0409_01_mesh_4.ply,37.675,127.664,21.165,6.487,5.709,0.012,318.5136032
16,0407_21.csv,0407_21_mesh_8.ply,6.249,117.789,9.946,9.079,2.024,0.013,2080.332853
20,0408_14.csv,0408_14_mesh_29.ply,57.78,115.871,14.136,2.976,2.89,0.013,224.9913465
18,0408_05.csv,0408_05_mesh_6.ply,0.777,138.083,41.105,11.076,3.968,0.013,16731.01673
18,0408_05.csv,0408_05_mesh_8.ply,88.033,98.191,32.264,5.534,5.397,0.013,147.6718958
4,0403_05.csv,0403_05_mesh_14.ply,48.741,117.382,18.565,3.386,2.229,0.014,287.2325147
4,0403_05.csv,0403_05_mesh_10.ply,44.435,101.058,14.428,4.227,2.699,0.014,315.0669517
10,0406_02.csv,0406_02_mesh_5.ply,42.719,81.691,7.732,5.396,2.95,0.014,327.7230272
16,0407_20.csv,0407_20_mesh_28.ply,41.826,101.364,13.704,5.814,3.272,0.014,334.7200306
20,0408_14.csv,0408_14_mesh_20.ply,65.867,127.478,15.451,3.302,3.393,0.014,212.5495316
16,0407_20.csv,0407_20_mesh_22.ply,65.491,185.077,28.834,9.316,3.501,0.014,213.769831
16,0407_20.csv,0407_20_mesh_2.ply,58.465,217.965,39.646,6.339,3.537,0.014,239.4595057
20,0408_14.csv,0408_14_mesh_13.ply,58.913,123.833,13.767,5.202,3.718,0.014,237.6385518
20,0408_14.csv,0408_14_mesh_31.ply,19.88,157.993,10.913,8.365,3.755,0.014,704.2253521
20,0408_14.csv,0408_14_mesh_11.ply,44.215,165.902,16.544,6.201,2.259,0.015,339.2513853
4,0403_05.csv,0403_05_mesh_11.ply,54.188,138.348,21.389,2.927,2.693,0.015,276.8140548
10,0406_01.csv,0406_01_mesh_10.ply,55.545,123.188,17.851,3.684,2.875,0.015,270.0513097
20,0408_14.csv,0408_14_mesh_25.ply,41.713,94.785,13.938,3.301,2.883,0.015,359.6001247
16,0407_19.csv,0407_19_mesh_15.ply,64.264,133.566,17.127,3.508,2.891,0.015,233.4121748
12,0406_14.csv,0406_14_mesh_8.ply,64.005,126.528,17.297,3.105,3.096,0.015,234.3566909
18,0408_05.csv,0408_05_mesh_2.ply,37.333,64.717,16.755,3.926,3.39,0.015,401.7893017
6,0403_16.csv,0403_16_mesh_7.ply,14.157,112.502,21.984,3.64,3.397,0.015,1059.546514
16,0407_20.csv,0407_20_mesh_4.ply,41.235,78.867,7.392,5.415,3.468,0.015,363.7686431
12,0406_14.csv,0406_14_mesh_10.ply,57.309,105.806,14.777,7.189,3.868,0.015,261.7389939
20,0408_13.csv,0408_13_mesh_9.ply,36.403,187.745,12.072,8.902,4.801,0.015,412.0539516
20,0409_01.csv,0409_01_mesh_26.ply,45.047,134.938,13.341,6.623,5.164,0.015,332.9855484
20,0409_02.csv,0409_02_mesh_8.ply,21.135,57.06,9.031,2.701,2.376,0.016,757.0380885
6,0403_13.csv,0403_13_mesh_4.ply,60.32,106.006,11.736,3.306,3.245,0.016,265.2519894
14,0407_08.csv,0407_08_mesh_12.ply,22.558,207.325,20.713,8.204,3.383,0.016,709.2827378
20,0408_14.csv,0408_14_mesh_5.ply,59.263,115.172,10.147,4.603,3.542,0.016,269.9829573
16,0407_20.csv,0407_20_mesh_20.ply,62.535,104.05,11.43,3.656,3.776,0.016,255.8567202
18,0408_04.csv,0408_04_mesh_6.ply,63.998,218.687,23.584,9.739,3.918,0.016,250.0078127
20,0409_02.csv,0409_02_mesh_17.ply,46.107,207.861,12.737,8.871,4.95,0.016,347.0188908
6,0403_15.csv,0403_15_mesh_4.ply,71.592,190.967,23.127,13.773,6.301,0.016,223.488658
12,0406_14.csv,0406_14_mesh_6.ply,1.335,119.247,9.053,7.721,2.378,0.017,12734.0824
6,0404_08.csv,0404_08_mesh_9.ply,51.076,119.529,13.54,4.122,2.876,0.017,332.8373404
4,0403_05.csv,0403_05_mesh_16.ply,46.465,103.081,15.658,4.764,3.235,0.017,365.8667814
20,0408_12.csv,0408_12_mesh_10.ply,72.769,152.072,21.049,3.706,3.272,0.017,233.6159628
14,0407_09.csv,0407_09_mesh_4.ply,58.165,115.841,12.639,3.866,3.293,0.017,292.2719849
14,0407_08.csv,0407_08_mesh_1.ply,68.871,138.723,16.256,6.698,3.298,0.017,246.8382919
20,0409_01.csv,0409_01_mesh_11.ply,14.601,181.249,12.627,8.67,4.106,0.017,1164.303815
12,0406_13.csv,0406_13_mesh_12.ply,86.085,168.03,15.395,6.089,4.372,0.017,197.4792356
20,0408_14.csv,0408_14_mesh_36.ply,88.787,150.696,12.51,4.551,4.478,0.017,191.4694719
8,0405_01.csv,0405_01_mesh_10.ply,58.343,105.865,10.369,5.739,4.484,0.017,291.3802856
20,0409_02.csv,0409_02_mesh_16.ply,64.255,110.678,14.245,3.783,4.765,0.017,264.5708505
20,0408_14.csv,0408_14_mesh_4.ply,59.259,135.274,17.371,4.367,2.895,0.018,303.7513289
12,0406_14.csv,0406_14_mesh_11.ply,5.614,154.424,14.407,6.906,3.02,0.018,3206.270039
16,0407_20.csv,0407_20_mesh_27.ply,51.358,108.113,12.7,4.174,3.044,0.018,350.4809377
6,0403_13.csv,0403_13_mesh_5.ply,45.309,163.864,32.483,3.093,3.126,0.018,397.2720652
18,0408_04.csv,0408_04_mesh_10.ply,89.513,203.913,34.219,4.98,3.22,0.018,201.0881101
20,0408_14.csv,0408_14_mesh_34.ply,29.44,119.499,7.934,7.601,3.234,0.018,611.4130435
18,0408_04.csv,0408_04_mesh_18.ply,80.026,178.84,25.437,4.749,3.372,0.018,224.9268988
12,0406_14.csv,0406_14_mesh_5.ply,67.306,104.301,9.105,5.425,3.452,0.018,267.4352955
20,0408_14.csv,0408_14_mesh_32.ply,75.013,112.436,9.467,5.659,3.509,0.018,239.9584072
20,0408_13.csv,0408_13_mesh_26.ply,90.593,208.839,17.451,4.652,3.847,0.018,198.6908481
10,0406_01.csv,0406_01_mesh_14.ply,48.012,114.507,16.599,5.95,4.992,0.018,374.9062734
6,0403_16.csv,0403_16_mesh_6.ply,73.214,219.105,33.832,6.118,6.411,0.018,245.854618
20,0409_01.csv,0409_01_mesh_7.ply,82.327,179.163,27.015,6.66,2.855,0.019,230.7869836
14,0407_08.csv,0407_08_mesh_16.ply,69.263,153.915,23.164,5.434,3.339,0.019,274.3167348
10,0406_02.csv,0406_02_mesh_4.ply,53.022,107.94,11.433,4.408,3.452,0.019,358.3418204
16,0407_18.csv,0407_18_mesh_21.ply,106.926,205.355,11.399,9.91,3.458,0.019,177.6929839
20,0408_14.csv,0408_14_mesh_18.ply,59.257,131.83,19.39,3.96,3.584,0.019,320.6372243
20,0409_01.csv,0409_01_mesh_14.ply,71.205,113.262,12.807,3.218,3.837,0.019,266.8351942
18,0408_04.csv,0408_04_mesh_7.ply,43.942,189.637,23.444,14.528,4.033,0.019,432.388148
20,0408_14.csv,0408_14_mesh_3.ply,72.608,217.577,16.813,9.47,4.039,0.019,261.6791538
16,0407_20.csv,0407_20_mesh_7.ply,65.215,144.39,20.859,7.501,2.907,0.02,306.6779115
6,0403_16.csv,0403_16_mesh_8.ply,63.776,159.224,16.747,9.978,3.143,0.02,313.5975916
18,0408_03.csv,0408_03_mesh_18.ply,93.914,147.631,15.562,5.069,3.628,0.02,212.9607939
12,0406_14.csv,0406_14_mesh_9.ply,71.244,137.02,16.681,9.283,3.689,0.02,280.7253944
20,0408_14.csv,0408_14_mesh_9.ply,82.778,189.244,17.955,8.873,3.951,0.02,241.6100896
4,0403_07.csv,0403_07_mesh_7.ply,54.531,109.873,10.223,4.584,4.286,0.02,366.7638591
20,0408_14.csv,0408_14_mesh_17.ply,74.301,129.179,13.279,3.827,4.427,0.02,269.1753812
20,0409_01.csv,0409_01_mesh_28.ply,88.853,237.64,18.959,12.09,7.462,0.02,225.0908804
6,0404_08.csv,0404_08_mesh_4.ply,59.787,126.689,16.573,4.179,2.788,0.021,351.2469266
14,0407_08.csv,0407_08_mesh_2.ply,45.726,321.695,24.417,9.272,2.943,0.021,459.2573153
6,0403_13.csv,0403_13_mesh_9.ply,52.127,137.965,26.485,3.39,3.104,0.021,402.8622403
20,0408_14.csv,0408_14_mesh_24.ply,55.183,121.364,18.267,3.359,3.227,0.021,380.5519816
16,0407_20.csv,0407_20_mesh_24.ply,79.415,165.203,22.46,4.417,3.292,0.021,264.4336712
8,0405_02.csv,0405_02_mesh_4.ply,83.29,219.61,36.677,4.619,3.391,0.021,252.1311082
16,0407_19.csv,0407_19_mesh_8.ply,69.585,124.702,12.487,4.829,3.72,0.021,301.7891787
6,0403_16.csv,0403_16_mesh_5.ply,76.136,183.706,21.657,16.015,3.953,0.021,275.8222129
16,0407_20.csv,0407_20_mesh_15.ply,91.966,190.837,22.233,7.092,4.033,0.021,228.345258
18,0408_03.csv,0408_03_mesh_10.ply,92.638,162.036,13.52,6.533,4.709,0.021,226.6888318
4,0403_07.csv,0403_07_mesh_4.ply,74.61,247.522,47.281,7.688,4.764,0.021,281.4636108
20,0409_01.csv,0409_01_mesh_21.ply,94.568,218.42,36.383,6.33,5,0.021,222.0624313
18,0408_04.csv,0408_04_mesh_4.ply,81.577,206.205,18.944,5.778,5.435,0.021,257.4254998
18,0408_05.csv,0408_05_mesh_10.ply,122.82,125.815,31.968,9.335,6.79,0.021,170.9819248
6,0404_07.csv,0404_07_mesh_12.ply,61.489,134.642,15.165,5.117,2.865,0.022,357.7875718
20,0409_01.csv,0409_01_mesh_25.ply,87.621,168.296,21.49,7.368,3.507,0.022,251.0813618
18,0408_04.csv,0408_04_mesh_15.ply,62.614,100.185,6.817,6.423,3.517,0.022,351.359121
16,0407_20.csv,0407_20_mesh_1.ply,64.694,129.495,16.013,4.505,3.591,0.022,340.0624478
16,0407_20.csv,0407_20_mesh_8.ply,88.015,138.623,14.001,4.756,3.716,0.022,249.9573936
20,0408_13.csv,0408_13_mesh_14.ply,100.93,181.285,16.224,4.909,3.77,0.022,217.9728525
20,0409_02.csv,0409_02_mesh_10.ply,89.138,192.448,28.748,6.589,3.973,0.022,246.8083197
16,0407_20.csv,0407_20_mesh_12.ply,64.333,133.913,13.643,4.888,4.007,0.022,341.9706838
16,0407_20.csv,0407_20_mesh_14.ply,84.165,164.038,13.726,8.578,4.21,0.022,261.3913147
12,0406_13.csv,0406_13_mesh_14.ply,37.316,334.141,27.063,9.36,5.896,0.022,589.5594383
20,0408_12.csv,0408_12_mesh_14.ply,36.429,165.566,12.693,7.252,1.952,0.023,631.3651212
16,0407_20.csv,0407_20_mesh_16.ply,18.399,166.751,28.772,4.152,2.694,0.023,1250.067938
20,0409_01.csv,0409_01_mesh_29.ply,44.841,113.752,11.612,9.101,2.853,0.023,512.9234406
16,0407_19.csv,0407_19_mesh_23.ply,107.806,214.374,24.861,6.323,3.487,0.023,213.3461959
20,0408_13.csv,0408_13_mesh_3.ply,35.637,228.15,15.636,7.435,3.946,0.023,645.3966383
20,0408_14.csv,0408_14_mesh_16.ply,107.292,164.704,13.54,5.859,3.957,0.023,214.368266
20,0408_14.csv,0408_14_mesh_28.ply,84.562,118.212,9.969,4.384,4.184,0.023,271.9897826
16,0407_19.csv,0407_19_mesh_7.ply,2.958,251.772,14.632,9.61,4.717,0.023,7775.524003
14,0407_08.csv,0407_08_mesh_5.ply,78.338,201.67,27.445,10.948,3.458,0.024,306.3647272
20,0408_14.csv,0408_14_mesh_1.ply,115.044,250.76,27.811,10.986,3.757,0.024,208.6158339
16,0407_20.csv,0407_20_mesh_26.ply,109.755,155.199,15.151,4.069,3.913,0.024,218.6688534
20,0408_14.csv,0408_14_mesh_30.ply,74.064,102.5,7.588,5.03,4.271,0.024,324.04407
6,0404_07.csv,0404_07_mesh_9.ply,88.738,114.154,7.541,4.712,4.759,0.024,270.4591043
16,0407_19.csv,0407_19_mesh_6.ply,160.312,228.533,14.505,10.404,4.794,0.024,149.7080693
18,0408_04.csv,0408_04_mesh_19.ply,70.912,420.252,31.643,13.422,3.457,0.025,352.549639
20,0408_14.csv,0408_14_mesh_7.ply,83.276,149.405,15.795,3.99,3.668,0.025,300.2065421
14,0407_08.csv,0407_08_mesh_10.ply,73.322,105.692,9.119,4.405,4.317,0.025,340.961785
14,0407_08.csv,0407_08_mesh_7.ply,78.953,191.281,26.797,4.365,4.504,0.025,316.6440794
8,0405_01.csv,0405_01_mesh_3.ply,72.352,173.661,20.38,10.056,6.525,0.025,345.53295
18,0408_04.csv,0408_04_mesh_2.ply,124.058,242.584,28.722,6.779,3.734,0.026,209.5793903
6,0404_07.csv,0404_07_mesh_18.ply,64.115,165.792,25.711,7.784,3.819,0.026,405.5213289
20,0408_13.csv,0408_13_mesh_17.ply,97.002,174.767,13.183,4.867,4.164,0.026,268.0357106
10,0406_01.csv,0406_01_mesh_5.ply,66.169,159.177,17.627,8.383,4.458,0.026,392.9332467
8,0405_01.csv,0405_01_mesh_1.ply,90.645,336.845,47.027,13.648,5.469,0.026,286.8332506
12,0406_14.csv,0406_14_mesh_7.ply,106.429,236.196,35.877,8.442,5.727,0.026,244.2943183
6,0403_13.csv,0403_13_mesh_8.ply,89.721,219.752,32.184,9.189,3.07,0.027,300.932892
20,0408_14.csv,0408_14_mesh_35.ply,88.824,212.973,33.048,4.277,3.095,0.027,303.9718995
20,0408_14.csv,0408_14_mesh_6.ply,89.324,178.983,23.553,4.173,3.141,0.027,302.2703865
20,0408_13.csv,0408_13_mesh_5.ply,73.389,182.469,14.786,5.049,3.393,0.027,367.9025467
14,0407_08.csv,0407_08_mesh_15.ply,91.799,169.473,18.222,4.151,3.61,0.027,294.120851
16,0407_19.csv,0407_19_mesh_10.ply,79.705,198.164,29.678,5.813,3.697,0.027,338.7491374
18,0408_03.csv,0408_03_mesh_7.ply,97.582,258.835,26.693,7.478,4.439,0.027,276.6903732
16,0407_19.csv,0407_19_mesh_1.ply,56.838,323.952,18.815,10.633,6.192,0.027,475.034308
20,0408_14.csv,0408_14_mesh_19.ply,119.765,215.561,26.34,3.739,3.337,0.028,233.7911744
6,0403_15.csv,0403_15_mesh_5.ply,91.022,153.568,15.759,3.554,3.608,0.028,307.6179385
18,0408_04.csv,0408_04_mesh_5.ply,121.749,280.073,28.171,9.211,3.739,0.028,229.9813551
6,0404_07.csv,0404_07_mesh_16.ply,96.539,204.449,28.191,5.132,3.895,0.028,290.0382229
6,0403_16.csv,0403_16_mesh_16.ply,115.442,271.094,36.083,8.592,4.109,0.028,242.5460404
18,0408_03.csv,0408_03_mesh_1.ply,91.696,177.059,12.041,9.827,4.239,0.028,305.3568313
16,0407_20.csv,0407_20_mesh_6.ply,90.879,215.087,18.861,10.305,5.954,0.028,308.1019818
16,0407_19.csv,0407_19_mesh_17.ply,106.268,291.17,34.898,7.777,6.455,0.028,263.4847743
16,0407_19.csv,0407_19_mesh_3.ply,96.695,220.199,32.896,6.986,6.984,0.028,289.5702984
18,0408_04.csv,0408_04_mesh_24.ply,30.078,179.505,22.552,8.059,3.226,0.029,964.1598511
18,0408_02.csv,0408_02_mesh_13.ply,24.624,257.111,18.986,10.17,3.889,0.029,1177.712801
18,0408_04.csv,0408_04_mesh_14.ply,93.526,232.752,33.497,12.364,4.515,0.029,310.074204
20,0408_14.csv,0408_14_mesh_14.ply,116.437,181.208,11.922,15.889,4.568,0.029,249.0617244
16,0407_20.csv,0407_20_mesh_9.ply,92.383,223.371,35.502,7.666,9.256,0.029,313.910568
20,0408_14.csv,0408_14_mesh_21.ply,66.389,155.318,26.34,4.432,2.967,0.03,451.8820889
6,0403_16.csv,0403_16_mesh_18.ply,113.838,246.369,35.901,6.37,3.275,0.03,263.5323881
8,0405_01.csv,0405_01_mesh_11.ply,97.038,209.942,34.487,5.304,3.335,0.03,309.1572374
20,0408_12.csv,0408_12_mesh_9.ply,44.667,185.837,19.229,10.249,3.518,0.03,671.6367788
6,0403_15.csv,0403_15_mesh_12.ply,116.288,188.267,21.415,4.61,4.183,0.03,257.9801871
20,0408_12.csv,0408_12_mesh_3.ply,63.92,230.35,16.967,11.019,4.434,0.03,469.3366708
10,0405_12.csv,0405_12_mesh_12.ply,81.906,152.442,19.847,4.207,4.483,0.03,366.2735331
18,0408_04.csv,0408_04_mesh_22.ply,96.041,180.795,13.606,6.8,5.695,0.03,312.3665934
6,0403_13.csv,0403_13_mesh_1.ply,83.119,161.933,24.05,4.353,3.018,0.031,372.9592512
6,0404_06.csv,0404_06_mesh_6.ply,78.589,149.508,15.153,5.405,3.444,0.031,394.4572396
14,0407_08.csv,0407_08_mesh_8.ply,91.725,215.708,33.648,7.515,3.483,0.031,337.9667484
12,0406_13.csv,0406_13_mesh_13.ply,105.42,151.538,14.185,3.754,3.959,0.031,294.0618478
18,0408_03.csv,0408_03_mesh_16.ply,89.104,137.202,8.714,5.833,4.54,0.031,347.9080625
18,0408_04.csv,0408_04_mesh_23.ply,82.683,164.797,10.936,6.088,5.037,0.031,374.9259219
14,0407_07.csv,0407_07_mesh_3.ply,118.971,163.985,13.854,4.742,3.795,0.032,268.9731111
16,0407_20.csv,0407_20_mesh_18.ply,127.058,292.681,47.276,5.096,4.976,0.032,251.8534842
12,0406_12.csv,0406_12_mesh_7.ply,113.055,180.788,20.512,6.047,5.63,0.032,283.0480739
4,0403_07.csv,0403_07_mesh_13.ply,62.279,179.021,12.413,5.275,7.884,0.032,513.8168564
20,0408_13.csv,0408_13_mesh_10.ply,176.073,504.534,38.195,8.669,3.808,0.033,187.4222624
16,0407_19.csv,0407_19_mesh_14.ply,114.429,274.009,30.094,10.301,4.586,0.033,288.388433
20,0408_14.csv,0408_14_mesh_37.ply,143.258,176.837,11.559,5.691,4.785,0.033,230.3536277
16,0407_19.csv,0407_19_mesh_21.ply,60.402,203.187,24.819,17.509,3.418,0.034,562.8952684
6,0403_13.csv,0403_13_mesh_3.ply,83.821,228.504,40.75,7.804,3.46,0.034,405.626275
6,0404_07.csv,0404_07_mesh_6.ply,128.086,299.109,42.518,8.804,5.188,0.034,265.446653
18,0408_03.csv,0408_03_mesh_11.ply,138.916,230.204,22.212,9.267,5.972,0.034,244.7522244
20,0409_01.csv,0409_01_mesh_27.ply,109.22,238.16,26.869,9.499,5.976,0.034,311.298297
20,0408_12.csv,0408_12_mesh_8.ply,70.102,212.222,16.101,7.629,2.587,0.035,499.2724887
18,0408_03.csv,0408_03_mesh_24.ply,150.095,235.77,24.185,4.799,3.74,0.035,233.1856491
6,0404_06.csv,0404_06_mesh_7.ply,68.807,188.46,33.789,5.534,4.319,0.035,508.6691761
6,0403_14.csv,0403_14_mesh_10.ply,141.615,196.582,15.911,4.817,4.379,0.035,247.1489602
18,0408_03.csv,0408_03_mesh_3.ply,90.67,163.312,12.396,5.654,4.404,0.035,386.01522
18,0408_03.csv,0408_03_mesh_8.ply,88.067,137.549,10.736,4.755,4.466,0.035,397.424688
6,0404_07.csv,0404_07_mesh_14.ply,108.712,156.42,9.68,5.047,5.292,0.035,321.9515785
16,0407_19.csv,0407_19_mesh_13.ply,100.233,268.178,33.396,12.546,5.578,0.035,349.1863957
20,0408_14.csv,0408_14_mesh_22.ply,45.055,125.925,24.023,4.652,2.963,0.036,799.0234158
18,0408_03.csv,0408_03_mesh_20.ply,120.277,174.674,16.537,3.822,3.698,0.036,299.3090948
14,0407_08.csv,0407_08_mesh_9.ply,135.324,236.363,23.548,4.262,4.171,0.036,266.028199
20,0408_12.csv,0408_12_mesh_19.ply,138.868,199.829,18.951,4.132,4.191,0.036,259.2389895
6,0403_16.csv,0403_16_mesh_9.ply,78.364,163.569,13.356,11.192,4.306,0.036,459.39462
20,0408_13.csv,0408_13_mesh_23.ply,96.754,154.82,9.44,4.713,4.929,0.036,372.0776402
10,0406_01.csv,0406_01_mesh_9.ply,86.707,206.485,28.069,10.857,5.228,0.036,415.1913917
20,0408_13.csv,0408_13_mesh_13.ply,135.55,305.734,35.206,6.472,5.329,0.036,265.5846551
10,0405_11.csv,0405_11_mesh_19.ply,79.993,200.864,24.564,5.884,3.201,0.037,462.5404723
20,0408_12.csv,0408_12_mesh_17.ply,137.303,234.433,25.883,5.688,3.565,0.037,269.4769961
12,0406_13.csv,0406_13_mesh_3.ply,134.959,317.37,39.645,8.491,3.85,0.037,274.1573367
6,0403_15.csv,0403_15_mesh_10.ply,91.523,199.95,25.602,5.611,4.221,0.037,404.2699649
16,0407_18.csv,0407_18_mesh_9.ply,128.531,178.108,11.625,9.06,4.63,0.037,287.8682964
16,0407_19.csv,0407_19_mesh_16.ply,100.79,240.09,25.662,7.777,6.241,0.037,367.0999107
10,0405_10.csv,0405_10_mesh_14.ply,101.334,310.335,39.851,6.143,8.722,0.037,365.1291768
12,0406_10.csv,0406_10_mesh_5.ply,98.405,169.246,16.61,4.735,3.676,0.038,386.1592399
10,0406_01.csv,0406_01_mesh_3.ply,120.476,234.249,27.91,6.052,4.032,0.038,315.4155184
12,0406_13.csv,0406_13_mesh_15.ply,127.487,179.902,17.127,7.113,4.618,0.038,298.0696071
18,0408_04.csv,0408_04_mesh_9.ply,143.962,230.207,14.993,7.708,5.575,0.038,263.9585446
6,0403_16.csv,0403_16_mesh_1.ply,97.003,227.001,29.9,8.178,8.274,0.038,391.7404616
6,0403_13.csv,0403_13_mesh_6.ply,125.652,214.158,25.906,4.567,3.399,0.039,310.3810524
6,0404_08.csv,0404_08_mesh_11.ply,72.574,145.716,18.338,7.212,4.431,0.039,537.3825337
16,0407_20.csv,0407_20_mesh_23.ply,132.098,199.426,12.52,12.347,4.894,0.039,295.2353556
6,0403_15.csv,0403_15_mesh_8.ply,138.977,248.785,28.444,7.278,6.072,0.039,280.6219734
14,0407_08.csv,0407_08_mesh_13.ply,114.392,199.43,19.98,10.121,6.762,0.039,340.9329324
12,0406_14.csv,0406_14_mesh_3.ply,119.386,190.913,20.104,5.312,4.155,0.04,335.0476605
20,0408_14.csv,0408_14_mesh_10.ply,144.115,197.908,16.091,4.448,4.338,0.04,277.5561184
12,0406_13.csv,0406_13_mesh_1.ply,175.865,313.154,32.826,8.954,4.428,0.04,227.4471896
14,0407_08.csv,0407_08_mesh_3.ply,60.832,519.905,22.862,11.851,5.099,0.04,657.5486586
4,0403_05.csv,0403_05_mesh_13.ply,116.642,141.745,9.926,4.632,4.528,0.041,351.5028892
18,0408_03.csv,0408_03_mesh_15.ply,117.175,166.099,13.581,4.685,4.574,0.041,349.9039898
6,0403_16.csv,0403_16_mesh_4.ply,73.487,129.4,11.384,4.882,4.024,0.042,571.5296583
20,0408_13.csv,0408_13_mesh_8.ply,100,272.226,30.034,6.242,4.662,0.042,420
20,0408_13.csv,0408_13_mesh_20.ply,183.115,263.647,14.498,5.315,5.632,0.042,229.3640608
4,0403_07.csv,0403_07_mesh_15.ply,100.448,249.625,12.998,6.761,6.073,0.042,418.126792
14,0407_08.csv,0407_08_mesh_20.ply,139.144,331.69,48.668,12.49,7.79,0.042,301.8455701
10,0405_11.csv,0405_11_mesh_12.ply,113.812,237.682,26.497,4.108,4.356,0.043,377.8160475
20,0408_13.csv,0408_13_mesh_12.ply,149.288,319.201,23.915,7.607,4.487,0.043,288.0338674
6,0403_16.csv,0403_16_mesh_17.ply,140.642,337.103,46.75,9.036,4.934,0.043,305.7408171
6,0404_06.csv,0404_06_mesh_17.ply,166.12,209.1,11.987,8.575,5.664,0.043,258.8490248
20,0408_13.csv,0408_13_mesh_2.ply,203.675,397.704,37.769,10.124,4.116,0.044,216.0304407
20,0408_12.csv,0408_12_mesh_4.ply,89.907,312.4,17.48,11.731,4.617,0.044,489.3945966
6,0404_06.csv,0404_06_mesh_20.ply,150.206,189.367,11.604,6.169,5.345,0.044,292.9310414
10,0405_12.csv,0405_12_mesh_4.ply,104.635,197.809,20.403,4.709,4.301,0.045,430.0664214
14,0407_08.csv,0407_08_mesh_6.ply,122.793,260.43,28.445,15.32,4.751,0.045,366.4704014
16,0407_18.csv,0407_18_mesh_8.ply,155.149,245.907,26.12,6.788,4.773,0.045,290.0437644
2,0331_02.csv,0331_02_mesh_10.ply,96.592,154.825,7.952,7.372,4.866,0.045,465.8770913
10,0405_11.csv,0405_11_mesh_21.ply,102.589,295.239,34.156,5.963,4.189,0.046,448.391153
10,0405_12.csv,0405_12_mesh_5.ply,96.704,212.263,20.132,6.01,4.355,0.046,475.6783587
20,0409_01.csv,0409_01_mesh_24.ply,159.175,229.172,18.958,13.287,4.632,0.046,288.9901052
18,0408_03.csv,0408_03_mesh_17.ply,129.647,154.635,9.949,6.774,4.657,0.046,354.8095984
20,0408_13.csv,0408_13_mesh_29.ply,227.305,399.869,25.796,6.439,4.731,0.046,202.3712633
20,0408_12.csv,0408_12_mesh_13.ply,187.463,215.885,15.569,5.516,4.769,0.046,245.3817553
20,0408_13.csv,0408_13_mesh_31.ply,159.079,258.964,12.064,8.997,5.691,0.046,289.1645032
6,0404_06.csv,0404_06_mesh_1.ply,152.61,231.96,15.818,5.698,5.114,0.047,307.9745757
4,0403_05.csv,0403_05_mesh_12.ply,143.093,245.078,28.663,5.667,3.663,0.048,335.4461784
6,0404_08.csv,0404_08_mesh_7.ply,161.871,263.665,28.624,9.098,4.504,0.048,296.532424
6,0403_16.csv,0403_16_mesh_10.ply,130.53,261.534,24.006,6.082,4.67,0.048,367.731556
10,0405_10.csv,0405_10_mesh_13.ply,163.845,238.335,15.963,5.894,4.478,0.049,299.0631389
16,0407_19.csv,0407_19_mesh_4.ply,45.02,246.467,46.466,15.43,4.483,0.049,1088.405153
10,0406_01.csv,0406_01_mesh_13.ply,111.523,227.459,32.64,7.258,5.007,0.049,439.3712508
6,0404_07.csv,0404_07_mesh_3.ply,158.343,229.68,14.89,6.814,5.536,0.049,309.4547912
10,0405_11.csv,0405_11_mesh_16.ply,185.908,245.801,18.462,4.738,5.567,0.049,263.5712288
10,0405_12.csv,0405_12_mesh_8.ply,76.499,174.615,24.027,9.103,3.659,0.05,653.6033151
6,0404_07.csv,0404_07_mesh_15.ply,116.715,215.485,19.875,14.845,4,0.05,428.3939511
16,0407_19.csv,0407_19_mesh_9.ply,182.533,278.896,28.563,5.673,4.373,0.05,273.9230714
20,0408_13.csv,0408_13_mesh_21.ply,205.938,274.008,19.193,5.245,5.024,0.05,242.7915198
20,0408_13.csv,0408_13_mesh_7.ply,158.292,262.685,16.088,9.038,5.391,0.051,322.1893715
6,0404_06.csv,0404_06_mesh_10.ply,215.393,244.531,15.607,8.018,5.601,0.051,236.7764969
20,0408_14.csv,0408_14_mesh_27.ply,161.607,329.902,46.421,10.332,5.699,0.051,315.5803895
2,0331_01.csv,0331_01_mesh_9.ply,148.263,193.721,8.481,8.267,8.833,0.051,343.9833269
20,0408_14.csv,0408_14_mesh_33.ply,189.681,450.891,58.334,9.204,4.261,0.052,274.1444847
4,0403_05.csv,0403_05_mesh_2.ply,186.159,252.412,15.65,7.138,5.263,0.052,279.3311094
20,0408_13.csv,0408_13_mesh_15.ply,134.263,269.967,16.279,7.906,5.566,0.052,387.2995539
10,0405_12.csv,0405_12_mesh_10.ply,103.977,278.874,33.712,14.507,3.836,0.053,509.7281129
20,0408_12.csv,0408_12_mesh_11.ply,210.772,319.406,33.043,9.891,4.124,0.053,251.4565502
6,0403_15.csv,0403_15_mesh_15.ply,131.168,189.575,16.428,4.8,4.457,0.053,404.0619663
10,0405_11.csv,0405_11_mesh_5.ply,192.322,271.704,22.664,4.943,4.68,0.053,275.5794969
20,0408_12.csv,0408_12_mesh_7.ply,197.644,260.034,23.096,5.348,4.752,0.053,268.158912
18,0408_03.csv,0408_03_mesh_22.ply,137.192,164.028,10.938,5.132,5.13,0.053,386.319902
16,0407_18.csv,0407_18_mesh_14.ply,214.625,268.655,20.506,6.815,5.564,0.053,246.9423413
20,0408_13.csv,0408_13_mesh_24.ply,163.6,317.071,28.266,6.717,3.524,0.054,330.0733496
18,0408_03.csv,0408_03_mesh_19.ply,185.426,237.356,16.19,6.765,5.579,0.054,291.2212958
6,0404_06.csv,0404_06_mesh_13.ply,180.965,220.904,9.65,9.003,7.648,0.054,298.4002431
16,0407_18.csv,0407_18_mesh_4.ply,146.468,252.905,21.211,6.494,3.276,0.055,375.5086435
16,0407_18.csv,0407_18_mesh_5.ply,190.44,324.191,36.896,6.223,4.262,0.055,288.8048729
10,0405_12.csv,0405_12_mesh_7.ply,177.548,242.398,18.488,5.401,4.572,0.055,309.7753847
16,0407_19.csv,0407_19_mesh_19.ply,261.054,584.883,71.949,18.403,4.625,0.055,210.6843795
10,0405_12.csv,0405_12_mesh_9.ply,167.526,222.218,11.226,7.843,5.992,0.055,328.3072478
14,0407_08.csv,0407_08_mesh_11.ply,160.302,389.331,54.749,20.932,6.988,0.055,343.1023942
20,0408_13.csv,0408_13_mesh_4.ply,175.808,413.342,27.887,10.891,7.653,0.055,312.8412814
10,0405_11.csv,0405_11_mesh_15.ply,195.639,285.417,28.821,5.532,4.226,0.056,286.2414958
20,0408_13.csv,0408_13_mesh_30.ply,141.273,259.95,32.225,5.785,4.398,0.056,396.3956312
16,0407_18.csv,0407_18_mesh_2.ply,200.655,232.87,14.368,9.128,4.425,0.056,279.0859934
12,0406_11.csv,0406_11_mesh_6.ply,216.44,414.781,53.584,13.501,4.495,0.056,258.7322122
10,0405_11.csv,0405_11_mesh_13.ply,186.401,292.932,29.079,10.176,4.601,0.056,300.4275728
4,0403_05.csv,0403_05_mesh_15.ply,159.926,217.925,19.062,5.516,4.628,0.056,350.1619499
14,0407_06.csv,0407_06_mesh_7.ply,202.853,250.19,20.137,5.43,4.662,0.056,276.0619759
12,0406_12.csv,0406_12_mesh_3.ply,188.484,232.039,17.135,4.981,4.683,0.056,297.1074468
18,0408_03.csv,0408_03_mesh_2.ply,144.972,301.954,35.282,5.843,3.978,0.057,393.1793726
14,0407_07.csv,0407_07_mesh_12.ply,237.877,392.049,43.852,5.097,5.089,0.057,239.6196354
6,0403_15.csv,0403_15_mesh_7.ply,131.825,326.611,36.974,10.115,5.123,0.057,432.391428
12,0406_13.csv,0406_13_mesh_16.ply,166.008,182.57,11.516,5.998,5.768,0.057,343.3569467
6,0403_16.csv,0403_16_mesh_13.ply,169.538,282.078,25.418,5.791,4.148,0.058,342.1061945
12,0406_13.csv,0406_13_mesh_11.ply,164.857,223.206,17.641,6.887,5.035,0.058,351.8200622
10,0405_11.csv,0405_11_mesh_10.ply,184.27,235.17,20.635,6.088,6.66,0.058,314.7555218
6,0404_06.csv,0404_06_mesh_18.ply,181.453,243.533,20.255,5.139,4.941,0.059,325.1530699
2,0331_04.csv,0331_04_mesh_6.ply,154.814,234.991,6.625,12.664,5.184,0.059,381.1024843
20,0408_12.csv,0408_12_mesh_12.ply,245.913,260.051,12.543,7.356,6.278,0.059,239.9222489
20,0408_13.csv,0408_13_mesh_25.ply,211.405,298.447,18.369,11.228,5.088,0.06,283.8154254
20,0408_13.csv,0408_13_mesh_1.ply,206.155,371.95,29.102,12.415,5.21,0.06,291.0431471
20,0408_13.csv,0408_13_mesh_28.ply,250.977,371.906,24.322,9.397,5.323,0.06,239.0657311
18,0408_03.csv,0408_03_mesh_25.ply,204.512,211.437,10.517,6.611,7.259,0.061,298.2710061
4,0403_07.csv,0403_07_mesh_1.ply,187.189,302.289,27.44,7.47,4.479,0.062,331.2160437
16,0407_18.csv,0407_18_mesh_12.ply,203.776,280.748,24.37,6.87,4.555,0.062,304.2556533
6,0404_05.csv,0404_05_mesh_4.ply,262.054,316.867,23.066,5.516,4.739,0.062,236.592458
6,0404_07.csv,0404_07_mesh_5.ply,160.131,352.033,39.798,9.411,7.495,0.062,387.1829939
18,0408_03.csv,0408_03_mesh_23.ply,248.426,351.219,33.693,8.007,4.219,0.063,253.5966445
20,0408_13.csv,0408_13_mesh_6.ply,213.344,316.777,22.58,8.017,5.343,0.063,295.2977351
14,0407_06.csv,0407_06_mesh_3.ply,145.491,176.818,12.511,6.384,5.988,0.063,433.0164752
6,0404_06.csv,0404_06_mesh_14.ply,203.151,301.343,24.344,5.793,4.364,0.064,315.0365984
12,0406_13.csv,0406_13_mesh_19.ply,169.265,345.665,34.777,11.703,4.762,0.064,378.1053378
2,0331_02.csv,0331_02_mesh_5.ply,171.548,316.483,35.981,7.232,5.42,0.064,373.0734255
20,0408_13.csv,0408_13_mesh_18.ply,267.606,699.072,57.815,10.794,5.737,0.064,239.1575675
16,0407_20.csv,0407_20_mesh_5.ply,34.691,152.281,21.965,9.931,4.04,0.065,1873.684817
6,0404_07.csv,0404_07_mesh_10.ply,176.301,254.891,20.843,7.456,4.826,0.065,368.6876422
20,0408_12.csv,0408_12_mesh_23.ply,268.319,301.018,19.276,6.937,5.665,0.065,242.2489649
12,0406_13.csv,0406_13_mesh_2.ply,181.804,242.723,19.139,7.757,5.721,0.065,357.5278872
2,0331_01.csv,0331_01_mesh_12.ply,174.47,289.218,29.218,6.421,3.953,0.066,378.288531
18,0408_03.csv,0408_03_mesh_14.ply,164.775,206.996,15.966,5.284,4.38,0.066,400.5461994
12,0406_13.csv,0406_13_mesh_18.ply,157.24,193.773,13.766,6.009,5.063,0.066,419.740524
16,0407_19.csv,0407_19_mesh_5.ply,248.25,459.28,56.417,10.48,4.957,0.067,269.8892246
16,0407_20.csv,0407_20_mesh_17.ply,219.131,250.432,11.685,12.823,6.007,0.067,305.7531796
10,0405_11.csv,0405_11_mesh_8.ply,264.963,355.612,31.323,8.444,6.566,0.067,252.8654944
16,0407_18.csv,0407_18_mesh_11.ply,192.371,311.624,34.129,12.733,4.152,0.068,353.4836332
16,0407_17.csv,0407_17_mesh_5.ply,219.405,245.04,13.804,7.215,4.724,0.068,309.9291265
6,0403_16.csv,0403_16_mesh_11.ply,207.004,322.182,34.043,7.279,3.924,0.069,333.3268922
2,0331_02.csv,0331_02_mesh_9.ply,180.96,352.194,45.916,5.559,4.777,0.069,381.2997347
2,0331_02.csv,0331_02_mesh_3.ply,228.609,333.077,18.207,8.818,5.018,0.069,301.8253875
20,0408_13.csv,0408_13_mesh_27.ply,203.005,428.856,39.65,9.51,5.391,0.07,344.8190931
18,0408_02.csv,0408_02_mesh_2.ply,228.843,250.688,14.295,7.686,6.221,0.07,305.8865685
8,0405_01.csv,0405_01_mesh_4.ply,214.785,511.755,66.226,9.552,11.277,0.07,325.9073027
12,0406_12.csv,0406_12_mesh_8.ply,198.619,231.737,18.068,5.526,4.768,0.071,357.4683187
16,0407_19.csv,0407_19_mesh_11.ply,224.05,288.379,20.024,6.171,4.96,0.071,316.8935505
10,0405_11.csv,0405_11_mesh_20.ply,297.696,410.146,35.729,6.481,5.812,0.071,238.4983339
20,0409_01.csv,0409_01_mesh_1.ply,102.345,293.752,44.109,13.988,8.042,0.071,693.731985
6,0403_14.csv,0403_14_mesh_7.ply,224.845,473.69,55.788,11.56,5.367,0.072,320.2205964
2,0331_01.csv,0331_01_mesh_8.ply,179.803,237.064,17.925,5.926,5.368,0.072,400.4382574
20,0408_13.csv,0408_13_mesh_22.ply,231.063,393.226,25.567,7.432,5.484,0.072,311.603329
20,0408_14.csv,0408_14_mesh_8.ply,284.116,329.455,26.694,6.404,5.513,0.072,253.4176182
18,0408_04.csv,0408_04_mesh_1.ply,281.352,643.535,58.264,26.636,11.738,0.072,255.907191
14,0407_08.csv,0407_08_mesh_17.ply,216.006,256.883,19.647,5.311,4.843,0.073,337.9535754
16,0407_17.csv,0407_17_mesh_14.ply,317.233,346.815,18.517,10.312,6.212,0.073,230.1147737
8,0405_01.csv,0405_01_mesh_8.ply,333.917,760.483,57.944,42.975,8.207,0.073,218.6172013
10,0405_10.csv,0405_10_mesh_4.ply,209.731,373.549,28.5,7.291,5.061,0.074,352.8329145
4,0403_07.csv,0403_07_mesh_9.ply,256.949,396.91,33.943,6.778,4.012,0.075,291.8867168
10,0405_10.csv,0405_10_mesh_15.ply,232.178,376.418,33.053,6.876,4.685,0.075,323.0280216
16,0407_17.csv,0407_17_mesh_3.ply,264.509,314.346,18.649,7.297,5.251,0.075,283.5442272
4,0403_05.csv,0403_05_mesh_9.ply,224.993,271.261,17.304,7.432,5.528,0.075,333.343704
18,0408_03.csv,0408_03_mesh_12.ply,289.708,469.671,40.502,19.959,10.221,0.075,258.8813564
4,0403_05.csv,0403_05_mesh_3.ply,299.918,442.668,41.687,9.519,4.152,0.078,260.0710861
10,0405_10.csv,0405_10_mesh_3.ply,213.767,558.217,44.688,10.088,4.569,0.078,364.8832607
6,0404_08.csv,0404_08_mesh_10.ply,224.399,249.336,17.501,7.373,6.006,0.078,347.5951319
6,0403_13.csv,0403_13_mesh_10.ply,217.511,271.667,20.59,8.114,7.678,0.078,358.6025534
20,0408_12.csv,0408_12_mesh_5.ply,316.982,346.71,23.161,8.666,5.549,0.079,249.2255081
18,0408_03.csv,0408_03_mesh_21.ply,293.934,440.003,26.17,15.322,6.392,0.079,268.7678186
4,0403_06.csv,0403_06_mesh_5.ply,254.902,310.598,24.149,9.395,4.461,0.08,313.8461056
20,0408_13.csv,0408_13_mesh_16.ply,432.012,490.846,30.363,5.93,5.197,0.08,185.1800413
6,0404_08.csv,0404_08_mesh_2.ply,261.473,508.446,68.077,15.129,9.039,0.08,305.9589327
18,0408_03.csv,0408_03_mesh_13.ply,184.884,407.396,55.142,15.686,5.767,0.081,438.1125462
4,0403_07.csv,0403_07_mesh_11.ply,278.612,362.502,27.884,5.433,4.68,0.083,297.9053307
6,0403_16.csv,0403_16_mesh_3.ply,269.23,561.1,76.262,15.196,4.558,0.084,312.0008914
12,0406_13.csv,0406_13_mesh_10.ply,276.55,300.542,22.242,6.624,4.709,0.084,303.742542
2,0331_01.csv,0331_01_mesh_10.ply,224.784,281.933,13.101,8.259,5.972,0.084,373.6920777
12,0406_12.csv,0406_12_mesh_12.ply,159.684,241.42,16.231,7.701,6.072,0.084,526.0389269
10,0405_11.csv,0405_11_mesh_18.ply,283.188,417.372,32.732,17.336,6.508,0.084,296.6227383
10,0405_12.csv,0405_12_mesh_13.ply,184.564,351.422,35.79,12.887,4.375,0.085,460.5448517
4,0403_05.csv,0403_05_mesh_17.ply,263.233,409.456,36.252,20.744,5.245,0.086,326.7067579
6,0404_06.csv,0404_06_mesh_9.ply,290.185,386.782,31.403,11.768,5.453,0.086,296.3626652
6,0403_14.csv,0403_14_mesh_9.ply,454.758,491.734,30.561,9.431,5.895,0.086,189.1115714
10,0405_11.csv,0405_11_mesh_7.ply,255.235,373.426,25.389,16.506,7.05,0.088,344.7803005
18,0408_01.csv,0408_01_mesh_2.ply,317.308,374.399,29.278,8.406,4.409,0.089,280.4845765
12,0406_13.csv,0406_13_mesh_5.ply,214.544,324.541,34.156,9.457,5.864,0.089,414.8333209
10,0405_10.csv,0405_10_mesh_11.ply,238.807,471.866,34.198,10.793,8.143,0.089,372.6858928
6,0403_15.csv,0403_15_mesh_1.ply,114.871,241.904,26.808,7.675,5.51,0.09,783.4875643
12,0406_11.csv,0406_11_mesh_4.ply,223.769,344.705,28.572,11.248,5.833,0.09,402.2004835
2,0331_02.csv,0331_02_mesh_4.ply,344.621,715.01,75.565,18.832,8.372,0.09,261.1564588
20,0408_12.csv,0408_12_mesh_6.ply,200.624,362.097,45.903,6.972,4.672,0.091,453.5848154
18,0408_02.csv,0408_02_mesh_14.ply,271.936,284.405,13.178,8.053,8.173,0.092,338.3148976
18,0408_02.csv,0408_02_mesh_19.ply,314.948,309.237,18.35,7.759,8.333,0.092,292.1117137
20,0408_12.csv,0408_12_mesh_20.ply,643.458,705.291,27.513,26.858,11.058,0.092,142.9774748
18,0408_03.csv,0408_03_mesh_4.ply,409.826,662.267,70.236,37.333,6.611,0.093,226.9255733
10,0405_11.csv,0405_11_mesh_11.ply,321.058,371.684,15.092,16.899,7.607,0.093,289.6672875
16,0407_18.csv,0407_18_mesh_23.ply,122.342,306.593,46.294,15.396,5.004,0.094,768.3379379
16,0407_18.csv,0407_18_mesh_15.ply,302.531,335.615,23.168,7.62,4.827,0.095,314.0174065
16,0407_19.csv,0407_19_mesh_22.ply,344.881,410.326,28.149,13.74,4.871,0.095,275.4573317
6,0404_06.csv,0404_06_mesh_4.ply,307.994,456.773,34.897,12.847,8.58,0.096,311.6943837
12,0406_11.csv,0406_11_mesh_13.ply,284.381,355.948,30.796,6.584,4.652,0.097,341.0917044
10,0405_10.csv,0405_10_mesh_8.ply,367.201,511.783,34.674,8.546,5.025,0.097,264.1605007
4,0403_05.csv,0403_05_mesh_7.ply,377.271,492.323,36.274,16.384,5.663,0.097,257.1096109
20,0408_12.csv,0408_12_mesh_21.ply,327.494,360.329,22.1,13.75,7.362,0.097,296.1886325
18,0408_01.csv,0408_01_mesh_13.ply,281.459,276.831,16.479,6.138,5.811,0.098,348.1857038
18,0408_02.csv,0408_02_mesh_11.ply,325.576,442.949,25.038,10.194,6.515,0.098,301.0049881
4,0403_06.csv,0403_06_mesh_2.ply,321.496,447.723,41.977,5.83,4.988,0.1,311.0458606
18,0408_02.csv,0408_02_mesh_7.ply,418.86,506.389,37.335,7.646,5.465,0.1,238.7432555
4,0403_07.csv,0403_07_mesh_17.ply,310.976,412.213,38.928,11.174,4.45,0.101,324.7839062
10,0406_01.csv,0406_01_mesh_8.ply,248.851,365.356,28.119,6.765,7.118,0.101,405.8653572
2,0331_01.csv,0331_01_mesh_1.ply,342.245,449.297,36.458,9.123,4.204,0.102,298.0321115
12,0406_12.csv,0406_12_mesh_5.ply,341.172,388.442,24.979,8.471,5.843,0.103,301.9005077
10,0405_10.csv,0405_10_mesh_10.ply,213.551,343.16,29.634,10.098,6.679,0.103,482.3203825
20,0408_13.csv,0408_13_mesh_11.ply,190.04,382.507,25.716,13.338,8.858,0.103,541.9911598
14,0407_07.csv,0407_07_mesh_2.ply,288.734,439.336,45.317,12.549,9.936,0.103,356.7297236
14,0407_07.csv,0407_07_mesh_9.ply,338.999,747.978,61.588,40.116,24.472,0.103,303.8357045
6,0403_16.csv,0403_16_mesh_14.ply,331.366,656.168,65.364,30.085,4.717,0.105,316.8701677
18,0408_02.csv,0408_02_mesh_4.ply,368.831,423.517,20.305,11.056,7.394,0.105,284.6832289
2,0331_01.csv,0331_01_mesh_4.ply,356.284,505.166,45.604,9.642,5.132,0.106,297.5154652
20,0408_12.csv,0408_12_mesh_22.ply,374.164,443.686,24.619,12.302,6.351,0.106,283.2982329
14,0407_06.csv,0407_06_mesh_15.ply,288.645,278.386,12.35,12.823,5.59,0.107,370.6975697
18,0408_03.csv,0408_03_mesh_5.ply,143.297,510.791,62.279,42.129,4.72,0.109,760.6579342
4,0403_05.csv,0403_05_mesh_6.ply,364.996,475.278,34.739,9.69,6.471,0.109,298.6334097
4,0403_07.csv,0403_07_mesh_6.ply,319.788,454.443,31.747,13.569,8.945,0.109,340.8508137
8,0405_01.csv,0405_01_mesh_2.ply,314.413,534.707,61.867,8.363,4.277,0.11,349.8583074
18,0408_03.csv,0408_03_mesh_9.ply,387.006,491.979,26.458,13.011,8.665,0.111,286.8172586
16,0407_17.csv,0407_17_mesh_2.ply,501.501,448.03,19.719,9.634,8.92,0.111,221.3355507
6,0404_07.csv,0404_07_mesh_11.ply,303.65,574.086,67.778,9.113,4.823,0.112,368.8457105
18,0408_04.csv,0408_04_mesh_3.ply,369.753,610.411,63.218,13.063,10.785,0.112,302.9049122
2,0331_01.csv,0331_01_mesh_11.ply,307.185,350.678,16.32,11.205,6.82,0.114,371.1118707
4,0403_06.csv,0403_06_mesh_1.ply,283.976,382.519,26.951,10.161,6.272,0.115,404.9637998
6,0404_07.csv,0404_07_mesh_7.ply,346.435,546.832,32.554,22.295,6.755,0.115,331.9526029
10,0406_01.csv,0406_01_mesh_15.ply,322.264,315.184,12.769,13.716,7.229,0.115,356.8502842
6,0404_07.csv,0404_07_mesh_13.ply,278.358,380.812,33.443,5.844,4.453,0.118,423.9145273
20,0408_11.csv,0408_11_mesh_10.ply,458.501,585.78,38.106,9.953,5.237,0.12,261.722439
12,0406_13.csv,0406_13_mesh_9.ply,159.357,337.572,40.848,8.022,5.259,0.12,753.0262241
18,0408_02.csv,0408_02_mesh_18.ply,325.899,353.414,17.809,8.745,5.782,0.121,371.2806728
20,0408_12.csv,0408_12_mesh_2.ply,423.969,445.273,17.851,18.525,7.348,0.122,287.7568879
16,0407_18.csv,0407_18_mesh_7.ply,274.721,299.839,16.786,8.043,5.439,0.123,447.7269666
16,0407_19.csv,0407_19_mesh_12.ply,268.854,410.326,42.542,6.095,7.055,0.126,468.6558504
4,0403_05.csv,0403_05_mesh_4.ply,183.437,407.508,49.887,15.045,4.485,0.127,692.3357883
18,0408_02.csv,0408_02_mesh_5.ply,273.62,472.865,55.588,7.757,4.921,0.127,464.1473576
14,0407_07.csv,0407_07_mesh_10.ply,404.188,659.517,57.615,19.51,7.184,0.127,314.210219
16,0407_18.csv,0407_18_mesh_13.ply,407.951,441.512,26.283,12.933,8.412,0.127,311.3118978
10,0405_11.csv,0405_11_mesh_9.ply,395.976,451.42,29.158,11.646,8.826,0.127,320.7265087
8,0405_01.csv,0405_01_mesh_6.ply,442.139,807.375,82.705,29.905,7.704,0.129,291.76345
6,0404_06.csv,0404_06_mesh_5.ply,392.563,529.79,45.542,12.692,9.331,0.129,328.6096754
16,0407_17.csv,0407_17_mesh_6.ply,460.205,476.785,26.534,10.028,5.631,0.13,282.4828066
10,0405_11.csv,0405_11_mesh_14.ply,522.181,520.92,30.195,10.392,5.844,0.13,248.9558218
16,0407_18.csv,0407_18_mesh_20.ply,451.899,410.326,23.789,6.95,6.285,0.131,289.8877847
20,0408_12.csv,0408_12_mesh_18.ply,201.126,461.453,57.212,18.278,6.568,0.132,656.3050028
12,0406_13.csv,0406_13_mesh_8.ply,380.682,456.913,39.666,9.898,7.369,0.132,346.746103
4,0403_07.csv,0403_07_mesh_5.ply,424.744,645.209,68.882,17.052,4.92,0.133,313.1297911
10,0405_11.csv,0405_11_mesh_6.ply,428.846,626.695,49.701,18.88,6.983,0.134,312.4664798
12,0406_13.csv,0406_13_mesh_7.ply,472.617,554.53,47.08,7.949,5.015,0.135,285.6435549
12,0406_11.csv,0406_11_mesh_5.ply,282.508,341.914,26.816,7.094,5.388,0.135,477.8625738
6,0404_08.csv,0404_08_mesh_6.ply,510.339,771.67,77.64,23.128,7.443,0.136,266.4895295
12,0406_11.csv,0406_11_mesh_14.ply,506.592,532.505,30.216,8.41,6.198,0.138,272.4085655
16,0407_18.csv,0407_18_mesh_18.ply,397.961,596.024,35.435,16.19,7.44,0.139,349.2804571
14,0407_06.csv,0407_06_mesh_13.ply,577.694,507.219,26.795,7.906,7.555,0.139,240.6118118
20,0408_11.csv,0408_11_mesh_5.ply,528.034,593.851,34.48,7.315,8.458,0.141,267.0282595
16,0407_18.csv,0407_18_mesh_16.ply,433.484,542.993,41.552,11.986,5.555,0.142,327.5784112
6,0404_06.csv,0404_06_mesh_16.ply,420.816,450.84,17.803,18.702,5.056,0.143,339.8159766
10,0405_10.csv,0405_10_mesh_12.ply,504.349,741.333,54.997,12.385,6.279,0.144,285.5165768
6,0404_05.csv,0404_05_mesh_8.ply,489.854,485.582,29.429,12.063,6.366,0.144,293.9651406
16,0407_18.csv,0407_18_mesh_19.ply,410.752,442.512,22.808,10.417,6.924,0.144,350.5765036
12,0406_12.csv,0406_12_mesh_2.ply,384.177,614.707,51.418,22.904,6.599,0.146,380.0331618
16,0407_18.csv,0407_18_mesh_10.ply,474.056,527.743,37.31,9.568,6.706,0.147,310.0899472
18,0408_02.csv,0408_02_mesh_12.ply,509.041,522.206,33.771,11.414,6.827,0.147,288.7783106
18,0408_02.csv,0408_02_mesh_17.ply,548.409,496.69,27.605,9.648,6.506,0.148,269.871574
6,0404_06.csv,0404_06_mesh_21.ply,431.117,448.368,30.461,7.014,5.223,0.15,347.9333916
4,0403_05.csv,0403_05_mesh_8.ply,542.12,741.416,53.433,17.863,5.082,0.151,278.5361175
18,0408_02.csv,0408_02_mesh_15.ply,438.794,392.185,23.313,7.234,5.709,0.152,346.4040073
20,0408_12.csv,0408_12_mesh_15.ply,540.253,745.167,60.755,23.011,6.016,0.152,281.349664
12,0406_12.csv,0406_12_mesh_14.ply,489.104,451.801,27.009,6.692,6.311,0.152,310.7723511
12,0406_13.csv,0406_13_mesh_4.ply,486.11,687.708,56.884,16.62,13.455,0.152,312.686429
18,0408_02.csv,0408_02_mesh_16.ply,471.512,516.442,36.235,7.026,5.387,0.155,328.7297036
12,0406_11.csv,0406_11_mesh_15.ply,319.981,369.002,20.004,6.821,6.096,0.155,484.4037615
12,0406_11.csv,0406_11_mesh_11.ply,487.916,468.262,26.051,9.655,7.367,0.155,317.677633
6,0404_06.csv,0404_06_mesh_19.ply,591.878,502.476,23.054,7.799,7.73,0.156,263.5678299
16,0407_19.csv,0407_19_mesh_18.ply,537.596,621.755,35.099,15.126,11.241,0.157,292.0408634
10,0405_11.csv,0405_11_mesh_3.ply,192.999,358.534,34.491,19.029,4.798,0.158,818.6570915
12,0406_10.csv,0406_10_mesh_10.ply,498.034,481.317,22.216,13.484,6.499,0.161,323.271102
6,0404_05.csv,0404_05_mesh_10.ply,385.147,517.946,36.685,12.789,8.919,0.161,418.0222097
6,0404_05.csv,0404_05_mesh_9.ply,370.44,362.454,16.959,8.694,6.128,0.162,437.3177843
6,0403_14.csv,0403_14_mesh_4.ply,430.814,416.151,22.86,9.426,6.901,0.162,376.0323481
6,0404_08.csv,0404_08_mesh_8.ply,444.736,520.845,38.532,9.961,4.889,0.163,366.5095697
14,0407_07.csv,0407_07_mesh_11.ply,586.664,553.035,31.213,16.2,7.818,0.163,277.842172
10,0406_01.csv,0406_01_mesh_6.ply,492.288,829.884,66.441,21.638,14.565,0.164,333.1383255
18,0408_02.csv,0408_02_mesh_1.ply,515.712,474.662,25.157,9.128,7.107,0.166,321.8850831
4,0403_07.csv,0403_07_mesh_8.ply,556.876,545.958,21.586,11.879,6.65,0.168,301.6829599
6,0404_05.csv,0404_05_mesh_11.ply,516.245,658.37,43.722,26.664,6.567,0.17,329.3010102
14,0407_06.csv,0407_06_mesh_14.ply,549.136,422.613,19.731,7.261,7.982,0.171,311.3982693
4,0403_07.csv,0403_07_mesh_2.ply,425.526,484.931,37.183,9.785,5.309,0.173,406.5556511
16,0407_17.csv,0407_17_mesh_8.ply,694.002,685.19,42.732,8.256,6.192,0.175,252.1606566
6,0403_15.csv,0403_15_mesh_2.ply,340.093,772.381,102.263,15.462,14.638,0.176,517.5055058
6,0404_06.csv,0404_06_mesh_15.ply,441.119,502.542,24.897,17.898,8.986,0.177,401.2522698
6,0403_15.csv,0403_15_mesh_14.ply,535.404,607.699,40.618,15.148,5.452,0.181,338.0624725
12,0406_12.csv,0406_12_mesh_13.ply,219.179,499.183,62.955,21.637,6.454,0.182,830.3715228
2,0331_05.csv,0331_05_mesh_3.ply,523.218,823.946,90.916,20.738,12.58,0.185,353.5811077
16,0407_18.csv,0407_18_mesh_1.ply,645.803,670.092,43.252,12.321,7.609,0.186,288.0135273
12,0406_11.csv,0406_11_mesh_8.ply,682.022,877.054,45.434,31.464,8.555,0.191,280.0496172
12,0406_12.csv,0406_12_mesh_4.ply,490.619,466.843,26.348,7.851,6.563,0.194,395.4188484
8,0405_04.csv,0405_04_mesh_2.ply,737.937,764.444,36.581,13.995,9.12,0.194,262.895071
12,0406_10.csv,0406_10_mesh_11.ply,566.487,481.9,22.837,12.442,7.262,0.195,344.2267872
16,0407_17.csv,0407_17_mesh_13.ply,798.46,628.414,26.033,10.224,9.243,0.196,245.4725346
14,0407_06.csv,0407_06_mesh_6.ply,608.238,688.493,47.355,13.271,8.014,0.197,323.8863734
4,0403_07.csv,0403_07_mesh_12.ply,684.417,525.657,25.641,8.095,6.968,0.199,290.7584119
12,0406_11.csv,0406_11_mesh_12.ply,677.857,528.48,26.919,7.479,8.16,0.199,293.5722431
14,0407_06.csv,0407_06_mesh_10.ply,589.453,473.815,21.211,10.948,7.974,0.2,339.29762
10,0406_01.csv,0406_01_mesh_2.ply,740.635,973.014,81.85,12.813,9.536,0.202,272.7389335
18,0408_01.csv,0408_01_mesh_1.ply,687.665,607.655,26.784,15.929,7.167,0.208,302.4728611
12,0406_12.csv,0406_12_mesh_9.ply,596.784,523.635,31.533,8.91,7.308,0.21,351.8861095
14,0407_07.csv,0407_07_mesh_6.ply,701.898,931.188,66.286,25.066,16.688,0.21,299.188771
18,0408_02.csv,0408_02_mesh_6.ply,827.005,883.669,57.973,15.087,5.86,0.212,256.3466968
18,0408_01.csv,0408_01_mesh_12.ply,706.111,583.327,31.209,9.447,6.962,0.213,301.6522898
6,0404_08.csv,0404_08_mesh_3.ply,672.254,1219.338,114.315,37.958,23.29,0.213,316.844526
6,0404_06.csv,0404_06_mesh_8.ply,468.703,779.983,80.781,24.511,9.333,0.217,462.9797548
14,0407_07.csv,0407_07_mesh_4.ply,897.735,826.925,50.444,9.076,7.05,0.22,245.0611818
14,0407_06.csv,0407_06_mesh_12.ply,850.979,695.736,33.741,9.252,7.502,0.221,259.7008857
20,0408_11.csv,0408_11_mesh_11.ply,886.834,855.71,38.468,9.538,7.026,0.222,250.3286974
12,0406_10.csv,0406_10_mesh_6.ply,715.641,625.803,34.318,7.785,7.311,0.222,310.2114049
14,0407_07.csv,0407_07_mesh_8.ply,671.458,728.906,43.346,13.586,8.598,0.222,330.6238067
16,0407_18.csv,0407_18_mesh_6.ply,710.505,659.893,21.538,19.903,9.003,0.222,312.4538181
10,0405_11.csv,0405_11_mesh_17.ply,615.781,543.06,18.579,17.702,9.756,0.223,362.1417355
6,0404_06.csv,0404_06_mesh_2.ply,748.36,636.683,35.288,9.505,7.185,0.228,304.6662034
14,0407_07.csv,0407_07_mesh_1.ply,726.152,686.114,38.892,16.301,10.027,0.23,316.7380934
18,0408_02.csv,0408_02_mesh_3.ply,740.02,878.366,54.448,19.312,5.995,0.234,316.2076701
18,0408_02.csv,0408_02_mesh_9.ply,663.309,713.301,36.488,19.357,6.691,0.235,354.2843531
16,0407_18.csv,0407_18_mesh_22.ply,939.107,639.444,23.46,10.601,8.507,0.242,257.6916155
8,0405_01.csv,0405_01_mesh_5.ply,72.89,446.922,99.889,23.133,9.457,0.243,3333.790643
2,0331_01.csv,0331_01_mesh_2.ply,796.129,644.276,26.688,8.418,8.73,0.244,306.4829946
20,0408_12.csv,0408_12_mesh_1.ply,755.602,920.415,70.361,17.357,9.139,0.245,324.2447744
10,0405_10.csv,0405_10_mesh_9.ply,799.866,1071.55,78.911,11.399,6.791,0.246,307.5515149
4,0403_07.csv,0403_07_mesh_14.ply,882.423,729.046,24.111,14.886,9.366,0.249,282.1775951
18,0408_01.csv,0408_01_mesh_5.ply,736.167,687.097,37.221,7.647,7.897,0.253,343.6720201
4,0403_07.csv,0403_07_mesh_10.ply,887.158,760.676,33.067,17.209,7.983,0.254,286.3075123
18,0408_02.csv,0408_02_mesh_8.ply,669.785,597.651,20.762,19.211,7.412,0.257,383.7052188
12,0406_11.csv,0406_11_mesh_9.ply,690.882,696.758,30.963,19.27,14.711,0.257,371.9882701
18,0408_01.csv,0408_01_mesh_4.ply,686.054,608.139,31.282,14.872,7.88,0.259,377.521303
16,0407_17.csv,0407_17_mesh_4.ply,830.925,793.162,36.985,16.578,9.249,0.259,311.7008154
14,0407_06.csv,0407_06_mesh_5.ply,886.85,1010.569,63.794,22.416,10.046,0.268,302.1931556
2,0331_02.csv,0331_02_mesh_8.ply,535.07,569.786,25.922,20.276,9.749,0.269,502.7379595
14,0407_06.csv,0407_06_mesh_2.ply,525.335,780.317,75.086,12.176,6.408,0.273,519.6684021
12,0406_10.csv,0406_10_mesh_8.ply,902.774,731.223,38.288,7.809,7.215,0.274,303.5089624
6,0403_14.csv,0403_14_mesh_6.ply,725.802,623.465,35.539,13.058,7.331,0.275,378.8912128
2,0331_01.csv,0331_01_mesh_5.ply,749.637,628.226,34.503,8.012,6.649,0.28,373.5141142
14,0407_06.csv,0407_06_mesh_4.ply,921.371,734.599,36.128,10.263,9.397,0.284,308.2363131
14,0407_07.csv,0407_07_mesh_7.ply,1025.939,892.518,40.351,24.114,8.231,0.291,283.6425947
10,0406_01.csv,0406_01_mesh_12.ply,487.811,564.789,33.649,12.197,7.926,0.294,602.6924362
2,0331_02.csv,0331_02_mesh_7.ply,463.021,723.482,65.514,15.892,8.53,0.299,645.7590476
4,0403_06.csv,0403_06_mesh_8.ply,1037.929,974.422,43.108,16.342,16.387,0.302,290.9640255
6,0403_14.csv,0403_14_mesh_5.ply,1115.238,877.723,41.351,8.639,7.385,0.303,271.6908857
4,0403_07.csv,0403_07_mesh_16.ply,1013.019,922.484,34.702,14.16,8.684,0.303,299.1059398
6,0403_15.csv,0403_15_mesh_3.ply,1064.977,1555.348,118.878,46.385,8.439,0.305,286.3911615
10,0405_10.csv,0405_10_mesh_5.ply,1038.318,1037.045,55.275,13.845,7.982,0.306,294.7074018
20,0408_11.csv,0408_11_mesh_4.ply,1167.759,1491.864,48.321,31.656,16.277,0.31,265.4657339
6,0403_15.csv,0403_15_mesh_11.ply,463.321,822.832,64.489,27.742,10.947,0.312,673.39922
14,0407_06.csv,0407_06_mesh_8.ply,1250.655,837.21,34.325,12.005,8.147,0.313,250.2688591
4,0403_05.csv,0403_05_mesh_5.ply,865.658,799.578,41.672,19.98,6.744,0.316,365.0402353
6,0404_07.csv,0404_07_mesh_8.ply,505.248,704.44,38.372,28.973,7.099,0.316,625.4354297
20,0408_11.csv,0408_11_mesh_7.ply,941.89,877.449,31.507,20.541,7.377,0.316,335.4956524
16,0407_17.csv,0407_17_mesh_10.ply,980.303,1056.105,61.051,17.652,8.009,0.317,323.3694072
14,0407_06.csv,0407_06_mesh_9.ply,1115.609,681.616,24.816,10.526,9.268,0.319,285.9424763
2,0331_01.csv,0331_01_mesh_6.ply,1146.841,791.297,33.141,9.385,7.921,0.323,281.6432269
2,0331_03.csv,0331_03_mesh_3.ply,920.488,1406.466,77.401,63.777,39.182,0.324,351.9872068
16,0407_17.csv,0407_17_mesh_12.ply,1134.099,680.633,20.461,11.333,10.629,0.325,286.5711018
6,0404_05.csv,0404_05_mesh_6.ply,1038.084,1150.107,77.177,21.612,8.851,0.334,321.7466024
6,0404_07.csv,0404_07_mesh_2.ply,191.827,752.786,94.41,43.451,12.609,0.334,1741.152184
10,0405_11.csv,0405_11_mesh_1.ply,799.82,899.773,41.027,34.647,10.548,0.342,427.5962091
10,0406_01.csv,0406_01_mesh_1.ply,648.86,997.375,64.967,32.606,9.545,0.346,533.2429183
2,0331_04.csv,0331_04_mesh_1.ply,540.326,854.415,31.526,43.828,6.999,0.349,645.9063602
6,0404_05.csv,0404_05_mesh_7.ply,1257.843,1097.405,64.057,9.605,8.028,0.353,280.6391577
14,0407_06.csv,0407_06_mesh_16.ply,1331.494,865.314,32.763,10.612,8.546,0.356,267.3688353
6,0404_05.csv,0404_05_mesh_1.ply,1208.432,833.753,33.026,10.041,9.057,0.356,294.5966343
2,0331_02.csv,0331_02_mesh_6.ply,336.883,689.773,76.087,8.551,6.062,0.361,1071.588652
6,0404_06.csv,0404_06_mesh_12.ply,1216.137,1012.993,34.636,14.417,9.187,0.38,312.4647963
10,0405_11.csv,0405_11_mesh_2.ply,1235.787,1199.297,53.747,22.506,21.314,0.383,309.9239594
20,0408_11.csv,0408_11_mesh_3.ply,1286.319,1245.948,46.524,13.122,9.355,0.385,299.303672
12,0406_10.csv,0406_10_mesh_7.ply,1143.789,791.091,34.594,9.107,7.642,0.394,344.4691285
12,0406_11.csv,0406_11_mesh_10.ply,1209.991,925.118,36.164,14.884,11.382,0.398,328.9280664
6,0404_07.csv,0404_07_mesh_4.ply,1328.156,1531.41,89.32,31.008,16.703,0.403,303.4282117
16,0407_18.csv,0407_18_mesh_17.ply,336.259,341.029,20.491,6.053,5.418,0.406,1207.402627
20,0408_11.csv,0408_11_mesh_9.ply,1285.948,983.082,42.482,13.86,8.555,0.406,315.7203868
12,0406_12.csv,0406_12_mesh_11.ply,1280.097,1046.345,45.224,19.197,7.511,0.407,317.9446558
14,0407_08.csv,0407_08_mesh_14.ply,1094.551,940.114,36.338,22.325,21.793,0.411,375.4964364
6,0403_14.csv,0403_14_mesh_8.ply,1788.217,1262.592,55.899,13.718,8.201,0.435,243.2590676
14,0407_06.csv,0407_06_mesh_11.ply,1211.114,1250.238,77.161,24.544,9.829,0.437,360.8248274
18,0408_01.csv,0408_01_mesh_3.ply,715.679,673.138,40.747,11.86,6.256,0.447,624.581691
18,0408_01.csv,0408_01_mesh_8.ply,1498.203,1143.63,44.364,30.122,8.291,0.447,298.3574322
4,0403_06.csv,0403_06_mesh_3.ply,1431.641,1069.962,38.002,22.23,10.189,0.454,317.1186072
6,0403_15.csv,0403_15_mesh_6.ply,1008.21,1024.335,56.084,20.981,6.813,0.461,457.2460103
10,0405_12.csv,0405_12_mesh_2.ply,800.946,800.058,35.647,18.439,11.424,0.466,581.8120073
4,0403_06.csv,0403_06_mesh_4.ply,1638.473,1006.464,37.917,12.945,8.395,0.471,287.4627778
16,0407_17.csv,0407_17_mesh_1.ply,1727.772,1048.765,40.663,12.393,8.875,0.483,279.5507741
12,0406_12.csv,0406_12_mesh_1.ply,1042.978,1394.987,107.194,25.881,10.284,0.484,464.0558094
18,0408_01.csv,0408_01_mesh_7.ply,1447.007,822.614,33.05,12.582,10.345,0.485,335.1746052
4,0403_06.csv,0403_06_mesh_7.ply,1747.206,1061.485,40.996,10.953,9.215,0.486,278.1583854
6,0403_14.csv,0403_14_mesh_1.ply,1850.997,1226.38,56.251,11.064,8.58,0.494,266.8831986
6,0404_05.csv,0404_05_mesh_5.ply,1156.474,1305.372,89.34,23.343,10.376,0.524,453.10141
10,0405_10.csv,0405_10_mesh_2.ply,857.172,1175.12,68.12,19.845,9.847,0.532,620.6455647
10,0406_01.csv,0406_01_mesh_4.ply,940.643,1266.472,61.77,49.947,15.21,0.55,584.7064189
2,0331_01.csv,0331_01_mesh_3.ply,1932.11,1389.335,60.191,9.208,8.675,0.564,291.9088458
10,0405_12.csv,0405_12_mesh_6.ply,155.113,338.558,48.949,7.721,4.477,0.57,3674.740351
10,0405_10.csv,0405_10_mesh_6.ply,1134.278,1717.58,78.295,34.002,30.676,0.572,504.2855455
6,0404_06.csv,0404_06_mesh_3.ply,1192.975,1246.227,58.179,39.484,10.049,0.587,492.0471929
20,0408_11.csv,0408_11_mesh_8.ply,2378.565,1344.554,45.127,11.601,10.29,0.593,249.3099831
12,0406_10.csv,0406_10_mesh_9.ply,1225.64,909.19,40.179,16.386,8.694,0.607,495.2514605
2,0331_03.csv,0331_03_mesh_2.ply,1998.458,1554.551,70.959,8.439,9.312,0.609,304.7349506
6,0404_08.csv,0404_08_mesh_1.ply,1118.871,1690.903,132.851,57.269,12.929,0.627,560.386318
10,0405_12.csv,0405_12_mesh_3.ply,520.988,1029.815,83.08,32.981,7.847,0.647,1241.871214
2,0331_03.csv,0331_03_mesh_1.ply,1998.332,1615.537,60.797,20.773,23.721,0.662,331.2762844
12,0406_11.csv,0406_11_mesh_2.ply,1772.061,1261.178,39.483,19.988,14.3,0.679,383.1696539
16,0407_17.csv,0407_17_mesh_7.ply,2435.479,1254.316,40.376,14.387,9.666,0.699,287.0071965
14,0407_06.csv,0407_06_mesh_1.ply,2724.877,1566.913,60.532,17.395,9.548,0.71,260.5622199
2,0331_02.csv,0331_02_mesh_2.ply,2495.637,1454.835,54.351,12.222,9.414,0.739,296.116783
14,0407_07.csv,0407_07_mesh_5.ply,1274.008,1662.591,104.218,35.491,20.713,0.739,580.0591519
12,0406_10.csv,0406_10_mesh_1.ply,1727.344,1364.376,62.757,22.683,7.038,0.744,430.7190693
18,0408_01.csv,0408_01_mesh_11.ply,2801.322,1405.286,42.818,13.421,10.354,0.755,269.5156073
8,0405_02.csv,0405_02_mesh_2.ply,858.296,1578.94,139.889,40.976,20.266,0.755,879.649911
12,0406_11.csv,0406_11_mesh_3.ply,2254.871,1329.163,50.352,13.71,9.93,0.763,338.3785591
6,0403_14.csv,0403_14_mesh_2.ply,968.083,1342.771,115.984,14.825,6.863,0.801,827.4083937
2,0331_04.csv,0331_04_mesh_4.ply,2081.832,2061.789,37.246,73.072,30.26,0.813,390.5214254
6,0404_05.csv,0404_05_mesh_2.ply,3085.277,1887.681,75.725,14.906,9.815,0.819,265.454285
10,0405_10.csv,0405_10_mesh_7.ply,1723.725,1737.037,83.665,29.821,10.594,0.852,494.2783797
14,0407_08.csv,0407_08_mesh_19.ply,803.766,1421.581,124.504,42.724,32.284,0.955,1188.156752
12,0406_10.csv,0406_10_mesh_3.ply,2064.137,1491.681,48.568,28.723,19.434,1.028,498.0289583
18,0408_01.csv,0408_01_mesh_10.ply,3755.592,2169.587,53.605,40.662,9.921,1.065,283.5771298
2,0331_06.csv,0331_06_mesh_2.ply,1393.585,1848.686,121.902,38.664,32.178,1.104,792.2014086
20,0408_11.csv,0408_11_mesh_6.ply,2303.471,1680.644,61.267,19.119,10.123,1.137,493.6029149
12,0406_15.csv,0406_15_mesh_1.ply,1532.735,2071.954,138.363,52.566,16.56,1.169,762.6889188
8,0405_02.csv,0405_02_mesh_3.ply,1145.09,1680.924,131.072,32,29.009,1.192,1040.966212
6,0403_15.csv,0403_15_mesh_9.ply,3998.444,3032.286,50.03,53.198,37.302,1.196,299.1163563
2,0331_04.csv,0331_04_mesh_2.ply,3071.413,2630.326,32.729,99.368,7.654,1.229,400.1415635
2,0331_04.csv,0331_04_mesh_3.ply,4067.921,2862.643,32.854,110.622,10.913,1.329,326.7025097
4,0403_06.csv,0403_06_mesh_6.ply,3328.84,1724.53,54.285,16.525,11.601,1.429,429.2786676
6,0404_07.csv,0404_07_mesh_1.ply,2280.435,2229.352,107.873,31.451,23.269,1.439,631.0199589
2,0331_05.csv,0331_05_mesh_1.ply,1753.517,2191.983,145.37,47.68,12.552,1.83,1043.616914
12,0406_13.csv,0406_13_mesh_6.ply,3706.338,3101.074,125.584,53.973,17.341,1.887,509.1278777
8,0405_03.csv,0405_03_mesh_1.ply,1221.351,3890.972,205.424,42.658,20.801,2.528,2069.839055
6,0403_18.csv,0403_18_mesh.ply,2336.558,12674.829,52.458,298.901,52.887,2.661,1138.854674
12,0406_12.csv,0406_12_mesh_10.ply,4194.652,3188.972,131.709,48.625,22.052,2.717,647.7295375
4,0403_08.csv,0403_08_mesh.ply,1105.539,5472.168,58.358,298.45,32.636,2.823,2553.505575
12,0406_14.csv,0406_14_mesh_1.ply,3131.4,3135.561,145.084,69.228,14.836,2.862,913.9681931
6,0403_17.csv,0403_17_mesh_1.ply,6293.782,3777.592,140.151,32.141,14.458,3.269,519.40153
6,0403_17.csv,0403_17_mesh_3.ply,1235.249,820.679,34.667,8.769,7.854,3.332,2697.431854
6,0403_14.csv,0403_14_mesh_3.ply,6208.234,3469.319,122.221,24.435,10.497,3.463,557.8075826
16,0407_22.csv,0407_22_mesh.ply,1186.149,7807.693,221.092,48.678,45.97,3.634,3063.696045
18,0408_01.csv,0408_01_mesh_6.ply,8584.256,3600.022,81.54,31.035,16.358,4.837,563.4734099
12,0406_10.csv,0406_10_mesh_4.ply,10728.224,4606.007,119.42,34.188,17.964,5.206,485.2620527
10,0405_12.csv,0405_12_mesh_1.ply,11148.343,5278.576,148.213,31.365,14.84,5.243,470.2941056
20,0409_03.csv,0409_03_mesh.ply,3329.478,9398.126,143.798,60.008,143.257,5.751,1727.297793
16,0407_17.csv,0407_17_mesh_9.ply,12305.471,5007.93,111.979,33.644,17.666,5.795,470.9287438
20,0408_11.csv,0408_11_mesh_1.ply,18473.306,7270.218,117.341,46.943,32.484,9.622,520.8596664