Source.Name,File (ID),Volume (mm3),Surface Area (mm2),Length (mm),Width (mm),Height (mm),Mass (g)
0422_06.csv,0422_06_mesh_10.ply,21.354,65.971,7.951,4.311,2.598,0.001
0422_06.csv,0422_06_mesh_3.ply,4.411,45.229,7.611,1.468,3.022,0.001
0422_06.csv,0422_06_mesh_4.ply,1.941,63.771,10.706,1.068,3.21,0.001
0423_01.csv,0423_01_mesh_13.ply,7.661,47.07,15.231,4.582,1.488,0.001
0423_01.csv,0423_01_mesh_15.ply,10.223,37.521,8.119,2.641,1.568,0.001
0423_01.csv,0423_01_mesh_16.ply,17.077,50.216,8.977,2.953,1.847,0.001
0423_01.csv,0423_01_mesh_19.ply,15.313,47.179,9.529,2.548,1.685,0.001
0423_01.csv,0423_01_mesh_2.ply,22.307,86.257,17.555,7.614,2.06,0.001
0423_01.csv,0423_01_mesh_8.ply,13.506,47.122,6.757,5.061,1.472,0.001
0423_01.csv,0423_01_mesh_3.ply,11.593,45.149,6.756,4.064,2.065,0.001
0423_01.csv,0423_01_mesh_7.ply,4.918,42.532,7.772,3.876,1.144,0.001
0423_01.csv,0423_01_mesh_9.ply,13.878,35.333,4.62,3.268,2.89,0.001
0423_19.csv,0423_19_mesh_3.ply,9.378,42.187,5.423,3.946,2.434,0.001
0423_19.csv,0423_19_mesh_6.ply,8.039,44.428,11.119,2.526,1.123,0.001
0423_22.csv,0423_22_mesh_3.ply,15.553,62.543,15.491,2.516,1.936,0.001
0424_10.csv,0424_10_mesh_6.ply,26.966,80.619,16.774,3.195,2.563,0.001
0424_10.csv,0424_10_mesh_8.ply,19.674,59.241,11.687,3.378,2.523,0.001
0422_05.csv,0422_05_mesh_16.ply,11.992,56.916,14.909,3.879,1.473,0.002
0422_06.csv,0422_06_mesh_6.ply,30.162,108.053,15.134,3.549,2.352,0.002
0422_06.csv,0422_06_mesh_9.ply,3.291,54.438,4.906,4.728,2.778,0.002
0423_08.csv,0423_08_mesh_11.ply,16.49,100.527,12.719,5.003,2.248,0.002
0423_18.csv,0423_18_mesh_2.ply,6.183,85.97,15.228,3.602,1.367,0.002
0423_18.csv,0423_18_mesh_32.ply,13.026,86.813,9.367,5.03,1.988,0.002
0423_19.csv,0423_19_mesh_1.ply,6.974,83.933,8.69,8.457,1.344,0.002
0423_19.csv,0423_19_mesh_4.ply,17.256,57.091,10.282,2.993,2.406,0.002
0423_19.csv,0423_19_mesh_5.ply,34.197,147.431,11.742,9.439,2.611,0.002
0424_10.csv,0424_10_mesh_14.ply,10.038,78.119,9.624,6.082,1.918,0.002
0424_10.csv,0424_10_mesh_19.ply,15.61,84.152,9.21,6.447,1.338,0.002
0422_05.csv,0422_05_mesh_19.ply,15.444,50.022,10.231,3.341,1.683,0.003
0422_05.csv,0422_05_mesh_28.ply,13.381,49.849,10.803,2.956,1.862,0.003
0422_05.csv,0422_05_mesh_7.ply,16.015,69.46,14.24,2.569,2.024,0.003
0422_06.csv,0422_06_mesh_2.ply,7.665,46.661,5.726,4.955,1.437,0.003
0422_06.csv,0422_06_mesh_7.ply,23.497,76.811,8.992,3.821,3.134,0.003
0422_06.csv,0422_06_mesh_8.ply,1.215,52.611,12.738,2.354,1.864,0.003
0423_01.csv,0423_01_mesh_17.ply,13.405,53.55,10.087,2.944,1.665,0.003
0423_01.csv,0423_01_mesh_6.ply,24.419,161.414,14.968,6.323,2.395,0.003
0423_27.csv,0423_27_mesh_19.ply,21.573,140.464,27.367,8.029,2.297,0.003
0424_10.csv,0424_10_mesh_11.ply,20.311,65.686,11.401,4.503,2.156,0.003
0422_05.csv,0422_05_mesh_11.ply,5.955,78.146,9.243,6.721,1.648,0.004
0422_05.csv,0422_05_mesh_2.ply,11.394,113.875,22.902,4.041,4.101,0.004
0422_05.csv,0422_05_mesh_23.ply,17.462,52.99,9.742,4.747,1.973,0.004
0422_05.csv,0422_05_mesh_31.ply,12.438,63.756,8.992,4.513,1.624,0.004
0422_05.csv,0422_05_mesh_9.ply,19.143,59.392,12.304,3.665,1.911,0.004
0423_08.csv,0423_08_mesh_5.ply,15.364,108.637,14.33,4.867,2.441,0.004
0423_11.csv,0423_11_mesh_11.ply,14.534,71.338,9.376,4.705,2.136,0.004
0423_11.csv,0423_11_mesh_14.ply,12.562,49.68,11.084,4.789,2.018,0.004
0423_11.csv,0423_11_mesh_2.ply,12.322,67.167,6.848,7.48,1.744,0.004
0423_11.csv,0423_11_mesh_8.ply,43.725,89.949,12.849,5.105,3.452,0.004
0423_14.csv,0423_14_mesh_28.ply,24.44,83.202,16.798,4.078,2.377,0.004
0423_14.csv,0423_14_mesh_4.ply,27.183,100.787,19.426,7.171,2.294,0.004
0423_18.csv,0423_18_mesh_10.ply,13.643,75.135,9.17,6.255,3.718,0.004
0424_10.csv,0424_10_mesh_2.ply,30.19,93.507,11.786,5.304,2.748,0.004
0424_10.csv,0424_10_mesh_24.ply,13.325,99.53,12.845,6.104,2.227,0.004
0424_10.csv,0424_10_mesh_3.ply,16.198,83.569,14.58,4.28,1.549,0.004
0424_10.csv,0424_10_mesh_7.ply,23.181,75.754,15.038,4.702,2.938,0.004
0422_05.csv,0422_05_mesh_6.ply,15.062,74.983,8.234,6.571,2.277,0.005
0422_06.csv,0422_06_mesh_1.ply,4.503,57.547,10.439,1.854,2.918,0.005
0423_01.csv,0423_01_mesh_11.ply,10.792,101.239,8.326,7.631,2.498,0.005
0423_01.csv,0423_01_mesh_12.ply,3.424,39.354,5.757,3.519,2.221,0.005
0423_01.csv,0423_01_mesh_21.ply,10.372,41.97,9.553,3.447,1.684,0.005
0423_08.csv,0423_08_mesh_4.ply,19.185,70.645,9.107,5.625,3.011,0.005
0423_11.csv,0423_11_mesh_18.ply,32.773,92.222,17.352,2.843,2.638,0.005
0423_11.csv,0423_11_mesh_23.ply,7.888,61.818,5.933,6.149,2.061,0.005
0423_17.csv,0423_17_mesh_20.ply,18.484,106.585,11.037,5.543,2.409,0.005
0423_18.csv,0423_18_mesh_22.ply,27.032,81.368,10.543,5.152,2.806,0.005
0423_18.csv,0423_18_mesh_29.ply,8.597,79.531,8.961,5.524,2.305,0.005
0423_18.csv,0423_18_mesh_36.ply,16.634,96.535,11.384,5.142,2.495,0.005
0423_18.csv,0423_18_mesh_9.ply,23.474,63.325,8.351,4.065,3.665,0.005
0423_19.csv,0423_19_mesh_2.ply,13.198,92.368,14.437,4.287,1.791,0.005
0423_22.csv,0423_22_mesh_6.ply,27.748,97.898,22.811,4.704,2.417,0.005
0423_27.csv,0423_27_mesh_12.ply,23.487,48.078,5.898,4.232,2.491,0.005
0423_27.csv,0423_27_mesh_18.ply,5.18,63.335,10.93,3.465,1.711,0.005
0423_27.csv,0423_27_mesh_3.ply,0.187,145.181,27.155,6.078,1.796,0.005
0424_03.csv,0424_03_mesh_10.ply,35.318,105.747,15.946,3.926,2.559,0.005
0424_04.csv,0424_04_mesh_10.ply,24.15,94.793,15.924,4.306,2.008,0.005
0424_04.csv,0424_04_mesh_5.ply,29.891,91.625,11.348,5.642,2.597,0.005
0422_05.csv,0422_05_mesh_27.ply,21.708,79.49,15.411,3.22,1.974,0.006
0422_05.csv,0422_05_mesh_1.ply,17.038,72.423,15.313,3.434,2.954,0.006
0422_05.csv,0422_05_mesh_24.ply,28.553,90.22,14.194,3.454,2.458,0.006
0422_05.csv,0422_05_mesh_25.ply,2.82,73.045,8.906,5.393,2.53,0.006
0422_05.csv,0422_05_mesh_29.ply,25.984,69.989,12.407,4.935,2.525,0.006
0422_11.csv,0422_11_mesh_10.ply,14.889,98.782,21.468,5.493,2.116,0.006
0423_01.csv,0423_01_mesh_14.ply,9.957,43.853,6.297,3.629,2.3,0.006
0423_01.csv,0423_01_mesh_20.ply,4.691,39.097,11.025,2.077,1.968,0.006
0423_08.csv,0423_08_mesh_13.ply,29.117,72.042,13.286,4.132,2.476,0.006
0423_08.csv,0423_08_mesh_8.ply,24.499,70.328,13.298,2.519,2.146,0.006
0423_11.csv,0423_11_mesh_25.ply,20.815,74.067,13.442,10.247,2.986,0.006
0423_11.csv,0423_11_mesh_26.ply,24.462,96.864,10.615,6.761,1.745,0.006
0423_17.csv,0423_17_mesh_12.ply,43.116,130.478,27.926,4.896,2.382,0.006
0423_19.csv,0423_19_mesh_8.ply,33.657,87.956,10.169,5.007,2.838,0.006
0423_22.csv,0423_22_mesh_8.ply,30.044,102.766,24.059,5.343,2.266,0.006
0423_26.csv,0423_26_mesh_7.ply,10.485,107.09,8.119,8.064,2.248,0.006
0423_27.csv,0423_27_mesh_16.ply,23.501,66.199,12.198,5.192,2.357,0.006
0423_27.csv,0423_27_mesh_17.ply,27.029,84.346,17.437,4.976,2.649,0.006
0423_27.csv,0423_27_mesh_6.ply,19.782,58.019,11.603,3.447,2.348,0.006
0424_04.csv,0424_04_mesh_20.ply,24.088,51.043,5.839,3.168,2.581,0.006
0424_09.csv,0424_09_mesh_2.ply,37.94,224.284,22.288,9.683,3.981,0.006
0424_10.csv,0424_10_mesh_13.ply,24.408,65.564,10.303,3.533,2.64,0.006
0424_10.csv,0424_10_mesh_21.ply,29.18,88.885,17.99,3.779,2.172,0.006
0424_10.csv,0424_10_mesh_28.ply,27.016,61.56,10.004,3.621,2.815,0.006
0422_05.csv,0422_05_mesh_13.ply,12.34,70.426,13.904,4.863,2.555,0.007
0422_05.csv,0422_05_mesh_3.ply,37.687,127.562,29.123,6.002,2.285,0.007
0423_01.csv,0423_01_mesh_10.ply,15.458,74.762,12.033,4.428,2.285,0.007
0423_01.csv,0423_01_mesh_18.ply,18.62,62.603,12.912,3.888,1.636,0.007
0423_01.csv,0423_01_mesh_5.ply,11.582,48.386,13.453,3.014,2.019,0.007
0423_08.csv,0423_08_mesh_16.ply,32.479,97.616,18.288,4.142,2.775,0.007
0423_08.csv,0423_08_mesh_22.ply,28.576,107.926,15.854,4.64,2.134,0.007
0423_11.csv,0423_11_mesh_3.ply,16.399,75.464,8.445,12.524,1.976,0.007
0423_11.csv,0423_11_mesh_7.ply,4.022,88.454,11.187,7.54,0.693,0.007
0423_14.csv,0423_14_mesh_16.ply,7.655,115.353,14.286,5.092,1.982,0.007
0423_14.csv,0423_14_mesh_26.ply,28.191,78.743,15.667,3.778,3.23,0.007
0423_17.csv,0423_17_mesh_19.ply,68.065,132.871,9.947,7.125,3.713,0.007
0423_18.csv,0423_18_mesh_12.ply,27.575,69.629,12.301,4.48,2.819,0.007
0423_18.csv,0423_18_mesh_4.ply,27.583,100.522,10.006,6.354,2.929,0.007
0424_04.csv,0424_04_mesh_18.ply,21.397,74.587,16.526,3.315,2.411,0.007
0424_04.csv,0424_04_mesh_21.ply,21.452,57.578,10.368,4.008,2.477,0.007
0424_04.csv,0424_04_mesh_27.ply,26.776,106.295,13.692,6.771,2.446,0.007
0424_10.csv,0424_10_mesh_10.ply,34.49,84.354,14.716,3.191,3.194,0.007
0424_10.csv,0424_10_mesh_5.ply,19.878,81.971,9.604,4.472,2.895,0.007
0422_05.csv,0422_05_mesh_20.ply,32.049,75.468,10.616,4.695,2.593,0.008
0422_05.csv,0422_05_mesh_14.ply,31.679,92.321,18.737,4.196,2.135,0.008
0422_05.csv,0422_05_mesh_22.ply,27.906,76.624,14.114,4.138,2.334,0.008
0422_10.csv,0422_10_mesh_21.ply,19.099,102.542,17.55,9.543,2.122,0.008
0422_12.csv,0422_12_mesh_13.ply,11.579,45.62,13.529,2.489,2.128,0.008
0422_12.csv,0422_12_mesh_8.ply,51.322,49.607,14.888,5.538,2.024,0.008
0423_08.csv,0423_08_mesh_14.ply,2.365,98.232,20.755,3.34,2.569,0.008
0423_08.csv,0423_08_mesh_19.ply,17.931,108.564,12.442,5.803,3.573,0.008
0423_10.csv,0423_10_mesh_15.ply,62.354,139.862,13.576,6.285,2.259,0.008
0423_11.csv,0423_11_mesh_6.ply,12.727,85.916,8.875,8.305,1.782,0.008
0423_14.csv,0423_14_mesh_22.ply,33.893,78.656,14.775,2.919,3.097,0.008
0423_14.csv,0423_14_mesh_3.ply,39.116,99.898,15.05,3.714,3.032,0.008
0423_18.csv,0423_18_mesh_25.ply,26.123,112.434,8.912,6.382,2.272,0.008
0423_18.csv,0423_18_mesh_30.ply,38.842,89.132,11.838,3.725,2.94,0.008
0423_18.csv,0423_18_mesh_34.ply,45.855,88.079,11.262,4.145,3.121,0.008
0423_22.csv,0423_22_mesh_15.ply,39.077,71.796,7.755,3.535,3.027,0.008
0423_22.csv,0423_22_mesh_7.ply,38.617,97.991,13.984,8.648,2.427,0.008
0423_22.csv,0423_22_mesh_9.ply,32.339,73.657,10.825,3.192,2.431,0.008
0423_27.csv,0423_27_mesh_13.ply,33.013,83.087,12.628,6.226,4.321,0.008
0423_27.csv,0423_27_mesh_2.ply,12.992,85.578,9.877,6.742,2.579,0.008
0424_04.csv,0424_04_mesh_22.ply,29.313,81.525,14.599,2.772,2.829,0.008
0424_04.csv,0424_04_mesh_23.ply,33.324,64.67,7.727,3.174,2.931,0.008
0424_04.csv,0424_04_mesh_3.ply,29.654,93.527,12.368,4.402,3.182,0.008
0424_04.csv,0424_04_mesh_4.ply,27.288,85.212,11.886,7.706,2.551,0.008
0424_09.csv,0424_09_mesh_32.ply,35.55,131.194,12.617,8.197,3.024,0.008
0424_10.csv,0424_10_mesh_12.ply,43.214,121.832,19.836,5.016,3.28,0.008
0424_10.csv,0424_10_mesh_4.ply,19.553,98.47,20.308,4.656,2.645,0.008
0422_05.csv,0422_05_mesh_12.ply,35.679,96.873,18.862,5.291,2.203,0.009
0422_11.csv,0422_11_mesh_11.ply,31.915,80.83,13.203,3.816,2.237,0.009
0422_12.csv,0422_12_mesh_3.ply,28.98,59.196,11.678,5.091,2.475,0.009
0423_08.csv,0423_08_mesh_10.ply,42.713,108.897,15.033,5.134,2.875,0.009
0423_11.csv,0423_11_mesh_21.ply,38.133,64.629,4.827,4.977,4.15,0.009
0423_17.csv,0423_17_mesh_17.ply,43.537,112.529,18.308,4.951,2.944,0.009
0423_18.csv,0423_18_mesh_1.ply,44.028,129.532,25.458,8.197,4.008,0.009
0423_18.csv,0423_18_mesh_3.ply,29.142,118.668,12.685,5.976,3.138,0.009
0423_18.csv,0423_18_mesh_8.ply,32.534,91.74,18.406,4.205,2.919,0.009
0423_22.csv,0423_22_mesh_13.ply,88.113,155.299,16.806,4.589,4.488,0.009
0423_27.csv,0423_27_mesh_20.ply,38.13,71.533,7.537,3.65,2.932,0.009
0423_27.csv,0423_27_mesh_4.ply,41.659,112.654,17.085,5.355,2.893,0.009
0423_27.csv,0423_27_mesh_5.ply,39.772,125.424,23.313,5.567,5.064,0.009
0424_03.csv,0424_03_mesh_14.ply,26.45,127.126,15.947,6.358,2.261,0.009
0424_03.csv,0424_03_mesh_17.ply,35.518,127.578,16.705,4.558,2.305,0.009
0424_04.csv,0424_04_mesh_1.ply,18.473,179.665,19.402,7.164,2.622,0.009
0424_04.csv,0424_04_mesh_11.ply,31.945,94.54,11.773,5.804,3.236,0.009
0424_04.csv,0424_04_mesh_13.ply,29.976,62.178,5.323,5.89,3.988,0.009
0424_04.csv,0424_04_mesh_17.ply,40.924,128.254,26.144,5.633,2.525,0.009
0424_04.csv,0424_04_mesh_26.ply,33.643,91.628,12.588,7.579,1.995,0.009
0424_04.csv,0424_04_mesh_9.ply,33.128,116.473,18.896,5.535,2.747,0.009
0424_10.csv,0424_10_mesh_16.ply,23.729,60.556,10.968,4.682,2.36,0.009
0424_10.csv,0424_10_mesh_18.ply,18.867,127.587,8.377,9.005,3.724,0.009
0424_10.csv,0424_10_mesh_36.ply,37.613,103.991,17.543,4.558,2.353,0.009
0422_04.csv,0422_04_mesh_15.ply,34.646,118.296,22.281,7.577,3.18,0.01
0422_05.csv,0422_05_mesh_17.ply,31.768,100.159,18.972,5.09,2.662,0.01
0422_05.csv,0422_05_mesh_26.ply,41.283,79.603,10.209,3.596,2.715,0.01
0422_12.csv,0422_12_mesh_22.ply,72.742,82.446,17.371,5.146,2.988,0.01
0423_08.csv,0423_08_mesh_9.ply,31.599,118.68,24.342,6.053,2.23,0.01
0423_11.csv,0423_11_mesh_17.ply,46.0,108.505,13.833,9.822,3.032,0.01
0423_11.csv,0423_11_mesh_19.ply,35.941,75.477,10.789,4.553,3.3,0.01
0423_14.csv,0423_14_mesh_15.ply,38.239,107.048,10.035,5.341,3.758,0.01
0423_14.csv,0423_14_mesh_18.ply,39.629,130.006,13.627,8.903,2.72,0.01
0423_14.csv,0423_14_mesh_20.ply,38.952,100.0,14.113,3.775,3.646,0.01
0423_14.csv,0423_14_mesh_27.ply,55.37,144.292,27.844,4.392,2.974,0.01
0423_14.csv,0423_14_mesh_7.ply,44.526,151.352,28.764,8.135,3.599,0.01
0423_18.csv,0423_18_mesh_18.ply,45.705,90.684,9.724,4.897,3.585,0.01
0423_18.csv,0423_18_mesh_23.ply,52.867,141.838,16.589,8.858,3.008,0.01
0423_18.csv,0423_18_mesh_27.ply,37.112,92.219,16.438,4.917,3.157,0.01
0423_18.csv,0423_18_mesh_6.ply,45.88,131.051,17.293,6.412,4.051,0.01
0423_22.csv,0423_22_mesh_2.ply,51.351,131.643,17.072,5.801,3.354,0.01
0423_26.csv,0423_26_mesh_10.ply,40.419,108.947,19.506,5.597,2.566,0.01
0423_26.csv,0423_26_mesh_4.ply,42.667,99.048,11.447,5.625,3.133,0.01
0423_26.csv,0423_26_mesh_5.ply,27.515,95.475,10.275,5.564,2.401,0.01
0423_27.csv,0423_27_mesh_11.ply,33.196,138.447,20.433,6.064,3.232,0.01
0424_03.csv,0424_03_mesh_2.ply,40.638,132.359,21.339,7.77,3.137,0.01
0424_04.csv,0424_04_mesh_24.ply,33.052,133.758,27.481,3.553,2.806,0.01
0424_10.csv,0424_10_mesh_15.ply,23.269,116.552,11.402,4.97,3.487,0.01
0424_10.csv,0424_10_mesh_17.ply,29.851,157.976,7.681,10.882,3.825,0.01
0424_10.csv,0424_10_mesh_23.ply,34.931,194.991,26.903,9.1,2.702,0.01
0423_08.csv,0423_08_mesh_2.ply,31.117,132.659,20.782,4.793,2.883,0.011
0422_04.csv,0422_04_mesh_7.ply,65.492,115.825,10.612,4.089,3.857,0.011
0422_11.csv,0422_11_mesh_12.ply,51.627,89.106,8.392,4.421,3.781,0.011
0422_12.csv,0422_12_mesh_21.ply,97.057,48.561,7.001,6.408,2.395,0.011
0422_12.csv,0422_12_mesh_23.ply,85.348,79.556,12.701,10.662,6.303,0.011
0423_07.csv,0423_07_mesh_19.ply,12.999,125.215,14.932,6.095,1.934,0.011
0423_11.csv,0423_11_mesh_15.ply,46.84,91.535,13.216,3.513,3.864,0.011
0423_14.csv,0423_14_mesh_13.ply,27.796,108.717,10.324,6.162,3.162,0.011
0423_17.csv,0423_17_mesh_5.ply,44.016,129.009,15.322,3.687,2.606,0.011
0423_27.csv,0423_27_mesh_7.ply,30.602,82.294,16.105,3.042,2.833,0.011
0424_03.csv,0424_03_mesh_5.ply,38.915,143.18,17.197,6.495,3.407,0.011
0424_04.csv,0424_04_mesh_19.ply,44.469,122.997,9.761,9.29,2.715,0.011
0424_10.csv,0424_10_mesh_25.ply,36.692,111.716,23.515,6.821,4.585,0.011
0424_10.csv,0424_10_mesh_35.ply,44.433,100.585,10.266,5.07,2.991,0.011
0424_10.csv,0424_10_mesh_9.ply,30.046,81.056,10.503,4.267,3.081,0.011
0423_18.csv,0423_18_mesh_33.ply,15.829,110.076,7.171,7.769,2.833,0.012
0422_05.csv,0422_05_mesh_5.ply,20.147,61.042,9.88,3.556,2.854,0.012
0422_12.csv,0422_12_mesh_10.ply,11.959,54.86,10.225,6.744,2.52,0.012
0423_08.csv,0423_08_mesh_12.ply,42.513,119.637,15.964,5.555,3.301,0.012
0423_08.csv,0423_08_mesh_18.ply,29.335,121.262,22.599,5.825,2.81,0.012
0423_08.csv,0423_08_mesh_25.ply,48.159,118.767,17.693,7.488,3.843,0.012
0423_17.csv,0423_17_mesh_11.ply,18.827,122.246,12.884,5.829,1.726,0.012
0423_18.csv,0423_18_mesh_15.ply,21.728,108.475,9.154,6.259,2.593,0.012
0423_18.csv,0423_18_mesh_19.ply,66.378,140.805,17.985,5.687,2.873,0.012
0423_18.csv,0423_18_mesh_5.ply,53.62,130.16,12.099,8.08,3.083,0.012
0423_22.csv,0423_22_mesh_11.ply,57.626,128.607,16.227,7.566,3.236,0.012
0423_22.csv,0423_22_mesh_14.ply,52.133,139.447,17.604,8.406,4.132,0.012
0423_22.csv,0423_22_mesh_5.ply,59.769,160.852,26.066,5.575,3.698,0.012
0423_26.csv,0423_26_mesh_21.ply,49.117,99.051,13.121,6.636,2.622,0.012
0424_04.csv,0424_04_mesh_12.ply,48.66,109.216,9.878,6.144,2.331,0.012
0424_04.csv,0424_04_mesh_2.ply,36.727,84.748,6.91,4.521,3.538,0.012
0424_10.csv,0424_10_mesh_34.ply,43.56,191.466,23.966,6.225,4.896,0.012
0424_10.csv,0424_10_mesh_37.ply,42.788,133.06,18.898,6.64,4.924,0.012
0422_12.csv,0422_12_mesh_6.ply,29.523,45.775,8.053,4.299,3.74,0.013
0423_11.csv,0423_11_mesh_12.ply,45.048,111.493,14.849,4.252,3.343,0.013
0423_13.csv,0423_13_mesh_4.ply,56.238,166.672,34.367,4.017,3.691,0.013
0423_13.csv,0423_13_mesh_9.ply,54.237,155.231,29.363,5.607,2.282,0.013
0423_17.csv,0423_17_mesh_31.ply,56.191,117.764,13.679,3.562,3.312,0.013
0423_17.csv,0423_17_mesh_8.ply,62.833,129.786,13.196,3.635,3.578,0.013
0423_18.csv,0423_18_mesh_16.ply,66.019,187.428,17.325,9.988,2.992,0.013
0423_18.csv,0423_18_mesh_24.ply,58.493,111.229,14.623,5.13,3.922,0.013
0423_18.csv,0423_18_mesh_35.ply,22.502,108.375,10.207,5.66,2.363,0.013
0423_22.csv,0423_22_mesh_1.ply,60.334,168.874,26.389,7.516,3.434,0.013
0423_26.csv,0423_26_mesh_18.ply,52.982,118.95,15.444,4.884,3.694,0.013
0423_27.csv,0423_27_mesh_1.ply,45.292,131.48,12.921,7.739,3.954,0.013
0423_27.csv,0423_27_mesh_14.ply,8.553,113.364,23.157,3.292,2.162,0.013
0424_03.csv,0424_03_mesh_8.ply,50.308,99.46,12.426,3.669,3.76,0.013
0424_04.csv,0424_04_mesh_7.ply,48.921,129.16,14.304,9.395,3.637,0.013
0424_09.csv,0424_09_mesh_14.ply,42.016,197.473,23.445,14.161,4.742,0.013
0424_10.csv,0424_10_mesh_31.ply,65.995,167.143,21.57,7.742,3.145,0.013
0424_10.csv,0424_10_mesh_33.ply,62.089,149.605,24.434,4.872,3.737,0.013
0422_04.csv,0422_04_mesh_18.ply,42.884,93.883,12.599,5.249,3.291,0.014
0422_04.csv,0422_04_mesh_21.ply,1159.257,769.369,14.76,14.961,13.536,0.014
0422_04.csv,0422_04_mesh_23.ply,48.319,106.975,14.528,4.119,3.345,0.014
0422_04.csv,0422_04_mesh_8.ply,70.508,143.016,17.846,3.431,3.222,0.014
0422_05.csv,0422_05_mesh_15.ply,54.179,122.064,16.939,3.27,2.764,0.014
0422_05.csv,0422_05_mesh_4.ply,50.594,131.876,23.032,4.511,3.192,0.014
0422_11.csv,0422_11_mesh_20.ply,55.468,273.45,63.033,11.823,8.456,0.014
0422_12.csv,0422_12_mesh_16.ply,72.412,70.474,19.806,7.372,2.828,0.014
0422_12.csv,0422_12_mesh_17.ply,17.439,56.835,12.164,6.12,2.435,0.014
0423_06.csv,0423_06_mesh_16.ply,56.704,141.688,15.726,4.713,3.128,0.014
0423_11.csv,0423_11_mesh_5.ply,56.53,143.096,24.045,9.294,3.128,0.014
0423_11.csv,0423_11_mesh_9.ply,64.022,201.04,37.545,4.935,3.164,0.014
0423_17.csv,0423_17_mesh_2.ply,65.678,206.099,34.916,6.235,3.069,0.014
0423_21.csv,0423_21_mesh_16.ply,21.346,223.938,18.643,8.975,2.21,0.014
0423_21.csv,0423_21_mesh_18.ply,51.523,94.294,9.366,5.326,3.234,0.014
0424_04.csv,0424_04_mesh_14.ply,55.427,143.361,17.731,5.776,3.457,0.014
0424_04.csv,0424_04_mesh_15.ply,39.542,74.008,6.255,4.599,3.171,0.014
0424_09.csv,0424_09_mesh_11.ply,72.623,152.944,15.08,6.367,3.117,0.014
0424_09.csv,0424_09_mesh_25.ply,70.545,203.833,18.749,6.383,3.448,0.014
0424_09.csv,0424_09_mesh_8.ply,45.788,150.648,14.063,6.3,4.061,0.014
0424_10.csv,0424_10_mesh_22.ply,48.493,199.806,22.035,7.743,3.512,0.014
0424_10.csv,0424_10_mesh_30.ply,55.778,113.708,15.756,6.521,3.525,0.014
0422_05.csv,0422_05_mesh_18.ply,9.134,59.117,8.291,8.695,2.543,0.015
0422_11.csv,0422_11_mesh_2.ply,63.134,170.281,28.054,7.0,3.352,0.015
0422_11.csv,0422_11_mesh_21.ply,58.403,97.345,8.814,4.423,4.757,0.015
0422_12.csv,0422_12_mesh_15.ply,24.944,69.477,13.053,2.908,2.988,0.015
0422_12.csv,0422_12_mesh_20.ply,3.656,118.753,34.279,6.085,2.866,0.015
0423_10.csv,0423_10_mesh_3.ply,58.499,131.938,8.802,7.843,3.244,0.015
0423_11.csv,0423_11_mesh_1.ply,53.062,131.246,20.555,5.333,3.111,0.015
0423_11.csv,0423_11_mesh_10.ply,47.51,96.701,13.445,4.244,4.562,0.015
0423_17.csv,0423_17_mesh_14.ply,59.953,146.374,22.108,4.364,3.102,0.015
0423_18.csv,0423_18_mesh_26.ply,67.695,152.073,27.977,5.756,4.306,0.015
0423_27.csv,0423_27_mesh_8.ply,43.45,136.902,30.965,6.244,3.318,0.015
0424_04.csv,0424_04_mesh_25.ply,54.881,110.257,14.825,4.385,3.645,0.015
0424_08.csv,0424_08_mesh_1.ply,52.644,108.911,14.921,3.094,2.921,0.015
0424_09.csv,0424_09_mesh_19.ply,64.333,166.424,23.332,4.065,2.813,0.015
0424_09.csv,0424_09_mesh_23.ply,66.982,143.756,16.51,3.878,2.6,0.015
0422_04.csv,0422_04_mesh_14.ply,44.843,96.524,10.556,4.3,3.24,0.016
0422_05.csv,0422_05_mesh_8.ply,58.814,119.328,12.592,5.459,3.288,0.016
0422_10.csv,0422_10_mesh_5.ply,56.511,139.198,20.01,3.769,3.217,0.016
0422_12.csv,0422_12_mesh_19.ply,96.029,62.169,15.465,5.65,3.061,0.016
0423_07.csv,0423_07_mesh_15.ply,58.655,167.263,24.934,10.043,3.044,0.016
0423_08.csv,0423_08_mesh_1.ply,60.863,177.958,20.878,9.309,3.455,0.016
0423_10.csv,0423_10_mesh_12.ply,48.422,107.383,14.474,7.074,5.913,0.016
0423_14.csv,0423_14_mesh_14.ply,57.871,135.324,19.837,4.146,2.777,0.016
0423_18.csv,0423_18_mesh_13.ply,89.315,253.79,36.873,18.172,3.064,0.016
0423_26.csv,0423_26_mesh_14.ply,62.197,141.972,23.358,6.455,3.578,0.016
0423_27.csv,0423_27_mesh_10.ply,54.933,172.575,20.797,7.97,3.664,0.016
0424_04.csv,0424_04_mesh_16.ply,46.094,117.785,19.6,3.782,2.624,0.016
0424_09.csv,0424_09_mesh_28.ply,62.553,112.147,11.48,4.516,3.441,0.016
0424_09.csv,0424_09_mesh_3.ply,57.651,167.099,16.88,6.741,3.511,0.016
0424_09.csv,0424_09_mesh_30.ply,85.504,211.938,27.767,7.229,4.012,0.016
0424_09.csv,0424_09_mesh_31.ply,67.326,147.944,13.675,4.767,2.956,0.016
0424_10.csv,0424_10_mesh_32.ply,65.325,175.96,18.342,5.671,3.741,0.016
0422_05.csv,0422_05_mesh_10.ply,51.263,120.063,15.803,7.664,2.997,0.017
0423_08.csv,0423_08_mesh_26.ply,56.138,180.716,15.996,5.968,2.89,0.017
0422_03.csv,0422_03_mesh_12.ply,51.979,155.746,27.494,6.558,4.829,0.017
0423_08.csv,0423_08_mesh_23.ply,60.893,111.625,10.346,4.436,3.901,0.017
0423_11.csv,0423_11_mesh_20.ply,64.315,110.829,12.901,4.781,3.274,0.017
0423_17.csv,0423_17_mesh_28.ply,17.406,169.059,12.675,7.646,2.996,0.017
0423_17.csv,0423_17_mesh_29.ply,82.177,175.051,13.101,6.059,3.754,0.017
0423_17.csv,0423_17_mesh_30.ply,83.929,199.524,19.526,6.028,4.255,0.017
0423_18.csv,0423_18_mesh_7.ply,74.098,185.973,27.897,5.826,4.666,0.017
0423_26.csv,0423_26_mesh_19.ply,66.923,235.416,39.235,8.369,5.8,0.017
0424_04.csv,0424_04_mesh_8.ply,61.036,111.645,11.214,4.788,5.218,0.017
0424_09.csv,0424_09_mesh_10.ply,70.097,192.328,27.659,6.899,3.455,0.017
0424_09.csv,0424_09_mesh_12.ply,66.847,220.813,28.116,6.435,5.199,0.017
0424_09.csv,0424_09_mesh_15.ply,69.484,155.858,13.697,4.6,3.455,0.017
0424_10.csv,0424_10_mesh_20.ply,34.875,87.775,14.522,4.018,2.52,0.017
0422_05.csv,0422_05_mesh_30.ply,57.977,89.908,7.58,5.507,3.309,0.018
0422_11.csv,0422_11_mesh_1.ply,60.422,150.322,13.965,5.729,4.257,0.018
0422_12.csv,0422_12_mesh_7.ply,768.138,71.341,9.377,7.608,3.828,0.018
0423_08.csv,0423_08_mesh_15.ply,60.728,102.215,9.728,6.644,3.52,0.018
0423_13.csv,0423_13_mesh_20.ply,61.5,178.688,36.976,4.465,3.185,0.018
0423_21.csv,0423_21_mesh_20.ply,77.448,173.662,20.557,7.182,4.288,0.018
0423_22.csv,0423_22_mesh_10.ply,67.089,166.427,24.56,5.87,4.534,0.018
0423_26.csv,0423_26_mesh_3.ply,31.856,138.922,22.791,14.636,2.624,0.018
0424_03.csv,0424_03_mesh_18.ply,91.989,174.084,15.397,7.113,3.216,0.018
0424_03.csv,0424_03_mesh_23.ply,82.697,183.356,26.097,12.633,3.788,0.018
0424_03.csv,0424_03_mesh_4.ply,76.421,239.863,33.685,15.371,3.607,0.018
0424_08.csv,0424_08_mesh_20.ply,57.897,108.396,13.21,3.681,2.761,0.018
0424_09.csv,0424_09_mesh_9.ply,99.131,311.863,44.249,6.911,3.948,0.018
0424_10.csv,0424_10_mesh_26.ply,64.94,134.893,19.226,4.337,3.463,0.018
0422_11.csv,0422_11_mesh_18.ply,56.162,110.386,12.743,6.324,3.414,0.019
0423_08.csv,0423_08_mesh_21.ply,89.157,166.571,20.217,3.871,3.136,0.019
0423_10.csv,0423_10_mesh_8.ply,56.454,129.052,23.793,4.624,7.609,0.019
0423_11.csv,0423_11_mesh_13.ply,50.358,110.396,10.622,7.089,3.593,0.019
0423_14.csv,0423_14_mesh_21.ply,57.963,155.158,25.24,5.18,2.399,0.019
0423_14.csv,0423_14_mesh_29.ply,69.244,125.919,14.879,3.864,2.983,0.019
0423_14.csv,0423_14_mesh_30.ply,53.178,173.159,16.338,9.289,2.445,0.019
0423_14.csv,0423_14_mesh_9.ply,70.35,147.142,16.625,6.016,3.755,0.019
0423_17.csv,0423_17_mesh_10.ply,78.351,117.36,10.293,6.056,3.796,0.019
0423_17.csv,0423_17_mesh_21.ply,63.947,184.58,40.493,3.299,2.959,0.019
0423_17.csv,0423_17_mesh_6.ply,58.707,124.975,12.982,5.808,3.223,0.019
0423_21.csv,0423_21_mesh_2.ply,67.058,279.875,22.471,11.081,3.059,0.019
0423_27.csv,0423_27_mesh_9.ply,71.607,151.55,15.319,10.911,3.971,0.019
0424_03.csv,0424_03_mesh_6.ply,58.215,117.742,15.668,5.773,4.322,0.019
0424_09.csv,0424_09_mesh_29.ply,88.86,219.315,30.246,5.68,4.139,0.019
0422_10.csv,0422_10_mesh_2.ply,35.091,141.327,25.215,4.965,3.333,0.02
0422_11.csv,0422_11_mesh_14.ply,56.397,145.525,19.657,11.413,3.39,0.02
0422_11.csv,0422_11_mesh_5.ply,82.702,153.764,19.215,4.323,2.692,0.02
0422_12.csv,0422_12_mesh_18.ply,149.891,56.61,6.269,4.844,3.935,0.02
0423_06.csv,0423_06_mesh_18.ply,48.45,133.152,14.624,5.602,2.875,0.02
0423_07.csv,0423_07_mesh_12.ply,46.124,98.562,12.987,5.634,2.41,0.02
0423_11.csv,0423_11_mesh_24.ply,59.296,104.653,10.357,4.867,5.121,0.02
0423_13.csv,0423_13_mesh_7.ply,84.342,173.791,25.213,5.45,4.172,0.02
0423_14.csv,0423_14_mesh_1.ply,32.607,120.535,16.662,12.814,4.508,0.02
0423_14.csv,0423_14_mesh_6.ply,86.204,169.384,22.501,6.102,3.387,0.02
0423_17.csv,0423_17_mesh_4.ply,68.53,168.054,22.346,7.252,4.759,0.02
0423_21.csv,0423_21_mesh_7.ply,57.005,143.148,22.536,3.689,3.534,0.02
0423_25.csv,0423_25_mesh_7.ply,80.779,113.962,9.848,4.586,3.966,0.02
0423_26.csv,0423_26_mesh_26.ply,58.853,169.459,28.406,5.219,4.239,0.02
0424_02.csv,0424_02_mesh_10.ply,55.643,149.889,27.279,8.456,2.479,0.02
0424_03.csv,0424_03_mesh_22.ply,66.228,119.958,12.023,5.906,3.711,0.02
0424_03.csv,0424_03_mesh_9.ply,62.977,156.09,28.552,2.966,2.217,0.02
0422_04.csv,0422_04_mesh_6.ply,71.868,160.048,19.959,4.668,3.144,0.021
0422_10.csv,0422_10_mesh_14.ply,60.651,214.059,46.276,12.782,4.888,0.021
0423_07.csv,0423_07_mesh_7.ply,73.061,125.175,11.335,4.851,3.057,0.021
0423_13.csv,0423_13_mesh_8.ply,93.115,199.757,29.842,7.778,4.195,0.021
0423_14.csv,0423_14_mesh_11.ply,83.296,169.145,24.298,6.862,3.835,0.021
0423_14.csv,0423_14_mesh_2.ply,93.963,209.883,29.528,10.639,3.276,0.021
0423_17.csv,0423_17_mesh_25.ply,80.588,274.005,36.929,6.482,3.059,0.021
0423_18.csv,0423_18_mesh_21.ply,85.287,169.227,20.207,8.018,2.994,0.021
0423_26.csv,0423_26_mesh_13.ply,72.935,150.548,17.501,6.172,3.814,0.021
0424_02.csv,0424_02_mesh_12.ply,72.706,161.904,21.528,7.171,3.527,0.021
0424_02.csv,0424_02_mesh_20.ply,75.646,139.707,14.074,4.074,3.543,0.021
0424_03.csv,0424_03_mesh_3.ply,72.906,197.637,29.771,5.539,6.333,0.021
0424_06.csv,0424_06_mesh_8.ply,85.063,276.734,22.437,4.737,3.175,0.021
0424_09.csv,0424_09_mesh_16.ply,84.522,204.521,26.674,10.833,4.612,0.021
0424_09.csv,0424_09_mesh_4.ply,68.236,233.437,18.169,8.617,4.175,0.021
0422_11.csv,0422_11_mesh_9.ply,64.616,160.79,26.012,7.88,3.041,0.022
0422_12.csv,0422_12_mesh_9.ply,73.115,87.127,18.602,7.432,2.916,0.022
0423_12.csv,0423_12_mesh_16.ply,111.273,256.481,12.819,12.781,2.833,0.022
0423_13.csv,0423_13_mesh_19.ply,82.314,191.5,28.847,6.089,2.816,0.022
0423_14.csv,0423_14_mesh_19.ply,65.146,156.322,9.707,9.327,3.15,0.022
0423_17.csv,0423_17_mesh_13.ply,81.238,144.946,18.301,5.2,3.828,0.022
0423_17.csv,0423_17_mesh_15.ply,93.388,217.766,36.005,5.132,3.411,0.022
0423_26.csv,0423_26_mesh_2.ply,76.394,183.013,21.548,8.911,5.525,0.022
0424_10.csv,0424_10_mesh_27.ply,83.923,263.551,27.801,11.366,4.974,0.022
0422_04.csv,0422_04_mesh_10.ply,98.153,212.022,27.735,8.394,4.666,0.023
0422_04.csv,0422_04_mesh_11.ply,119.162,261.024,35.594,7.884,3.37,0.023
0422_04.csv,0422_04_mesh_12.ply,45.837,166.678,32.956,8.396,3.381,0.023
0422_04.csv,0422_04_mesh_13.ply,112.208,163.937,14.839,5.984,3.431,0.023
0422_10.csv,0422_10_mesh_6.ply,38.433,205.574,23.66,5.488,2.822,0.023
0422_11.csv,0422_11_mesh_17.ply,66.304,143.616,20.684,3.931,2.875,0.023
0422_11.csv,0422_11_mesh_22.ply,102.093,197.925,18.434,8.942,4.234,0.023
0422_11.csv,0422_11_mesh_4.ply,74.95,160.238,20.185,7.52,5.117,0.023
0423_01.csv,0423_01_mesh_1.ply,76.778,113.315,10.086,5.668,3.805,0.023
0423_07.csv,0423_07_mesh_11.ply,49.117,154.157,24.121,8.47,4.567,0.023
0423_08.csv,0423_08_mesh_3.ply,93.993,277.924,45.982,17.449,6.638,0.023
0423_10.csv,0423_10_mesh_10.ply,79.254,106.174,9.026,5.388,4.39,0.023
0423_26.csv,0423_26_mesh_15.ply,62.453,144.152,14.545,10.978,2.74,0.023
0423_26.csv,0423_26_mesh_17.ply,72.496,147.059,17.879,6.423,4.019,0.023
0424_03.csv,0424_03_mesh_12.ply,102.909,202.733,26.674,8.369,2.618,0.023
0422_10.csv,0422_10_mesh_11.ply,69.355,145.541,17.176,4.159,3.285,0.024
0422_10.csv,0422_10_mesh_12.ply,72.019,175.856,23.079,7.716,4.015,0.024
0422_10.csv,0422_10_mesh_3.ply,89.176,205.695,25.8,7.504,3.997,0.024
0423_06.csv,0423_06_mesh_12.ply,79.245,153.298,11.764,6.392,3.621,0.024
0423_08.csv,0423_08_mesh_20.ply,68.878,177.671,28.789,6.616,3.302,0.024
0423_18.csv,0423_18_mesh_28.ply,93.103,198.743,26.735,9.471,4.466,0.024
0424_02.csv,0424_02_mesh_4.ply,87.629,216.842,27.157,9.462,4.351,0.024
0424_03.csv,0424_03_mesh_7.ply,81.923,143.306,14.148,5.742,5.285,0.024
0422_09.csv,0422_09_mesh_7.ply,80.676,183.396,26.531,5.365,2.46,0.025
0422_10.csv,0422_10_mesh_9.ply,51.756,133.011,23.361,3.553,2.697,0.025
0422_11.csv,0422_11_mesh_6.ply,79.254,192.23,33.182,9.243,3.245,0.025
0423_06.csv,0423_06_mesh_13.ply,1311.399,801.963,17.593,13.459,14.527,0.025
0423_07.csv,0423_07_mesh_1.ply,116.606,295.574,49.491,7.712,4.236,0.025
0423_07.csv,0423_07_mesh_20.ply,92.925,175.2,17.85,6.14,2.884,0.025
0423_07.csv,0423_07_mesh_21.ply,79.722,154.447,15.53,4.796,3.808,0.025
0423_21.csv,0423_21_mesh_1.ply,91.728,189.681,25.629,6.254,4.845,0.025
0424_02.csv,0424_02_mesh_21.ply,71.337,197.664,33.232,6.507,7.6,0.025
0422_03.csv,0422_03_mesh_11.ply,73.341,208.968,25.974,4.778,3.91,0.026
0422_04.csv,0422_04_mesh_9.ply,141.42,301.138,43.546,7.757,3.956,0.026
0423_13.csv,0423_13_mesh_12.ply,110.746,261.043,44.903,10.358,3.71,0.026
0424_02.csv,0424_02_mesh_19.ply,82.908,176.114,22.451,7.991,6.04,0.026
0424_08.csv,0424_08_mesh_22.ply,76.919,143.079,9.768,6.81,4.086,0.026
0424_08.csv,0424_08_mesh_24.ply,93.493,179.575,22.456,4.089,3.052,0.026
0424_09.csv,0424_09_mesh_1.ply,135.813,310.168,24.801,5.606,3.835,0.026
0424_09.csv,0424_09_mesh_13.ply,112.841,288.247,32.279,6.485,3.922,0.026
0424_09.csv,0424_09_mesh_7.ply,102.569,296.6,32.816,4.3,3.371,0.026
0422_11.csv,0422_11_mesh_16.ply,81.853,213.279,37.612,4.927,4.294,0.027
0422_11.csv,0422_11_mesh_7.ply,101.27,319.031,48.384,19.322,3.989,0.027
0423_14.csv,0423_14_mesh_8.ply,46.654,196.258,15.627,9.275,3.204,0.027
0423_17.csv,0423_17_mesh_18.ply,82.804,230.217,28.478,10.146,9.416,0.027
0423_21.csv,0423_21_mesh_13.ply,92.529,148.262,9.677,7.504,4.973,0.027
0423_26.csv,0423_26_mesh_8.ply,56.463,178.062,26.218,9.72,3.361,0.027
0424_02.csv,0424_02_mesh_18.ply,109.789,225.894,27.29,4.749,3.242,0.027
0424_03.csv,0424_03_mesh_25.ply,68.999,211.902,33.548,5.062,2.583,0.027
0424_09.csv,0424_09_mesh_20.ply,106.157,272.291,39.402,6.93,5.338,0.027
0424_10.csv,0424_10_mesh_29.ply,90.95,221.235,17.698,10.545,4.245,0.027
0422_04.csv,0422_04_mesh_16.ply,110.91,208.84,23.277,7.719,3.584,0.028
0422_04.csv,0422_04_mesh_5.ply,104.371,245.834,36.116,4.868,3.223,0.028
0423_06.csv,0423_06_mesh_11.ply,78.509,119.482,10.895,4.178,3.71,0.028
0423_07.csv,0423_07_mesh_14.ply,85.689,138.508,8.754,6.722,4.188,0.028
0423_11.csv,0423_11_mesh_4.ply,77.795,145.698,17.701,8.985,4.217,0.028
0423_18.csv,0423_18_mesh_31.ply,117.84,149.262,10.962,5.862,5.153,0.028
0423_21.csv,0423_21_mesh_19.ply,127.759,274.523,35.252,5.106,3.058,0.028
0424_03.csv,0424_03_mesh_16.ply,101.228,156.519,13.301,6.398,5.535,0.028
0424_03.csv,0424_03_mesh_19.ply,107.322,213.222,20.332,6.91,4.454,0.028
0424_03.csv,0424_03_mesh_20.ply,98.151,142.308,11.758,4.405,3.622,0.028
0424_03.csv,0424_03_mesh_28.ply,84.85,211.528,21.303,10.445,8.349,0.028
0422_03.csv,0422_03_mesh_4.ply,88.334,186.08,24.119,6.318,3.397,0.029
0422_03.csv,0422_03_mesh_9.ply,71.173,133.983,9.851,8.736,6.803,0.029
0422_04.csv,0422_04_mesh_24.ply,100.657,241.692,36.674,8.281,3.86,0.029
0422_11.csv,0422_11_mesh_13.ply,77.304,154.622,22.397,2.962,3.347,0.029
0423_13.csv,0423_13_mesh_3.ply,85.118,170.717,20.412,8.907,5.086,0.029
0423_15.csv,0423_15_mesh_9.ply,113.447,165.591,12.749,5.704,3.765,0.029
0424_03.csv,0424_03_mesh_26.ply,96.689,224.365,26.04,6.105,4.588,0.029
0424_08.csv,0424_08_mesh_15.ply,113.198,365.626,43.754,12.283,3.265,0.029
0424_08.csv,0424_08_mesh_16.ply,89.873,220.526,28.736,6.566,7.252,0.029
0422_10.csv,0422_10_mesh_16.ply,69.46,142.981,12.921,4.76,2.993,0.03
0422_11.csv,0422_11_mesh_15.ply,95.524,132.124,11.437,4.146,3.591,0.03
0422_11.csv,0422_11_mesh_19.ply,103.986,145.28,12.968,3.873,5.739,0.03
0423_06.csv,0423_06_mesh_7.ply,73.998,209.844,24.605,6.579,4.963,0.03
0423_17.csv,0423_17_mesh_22.ply,65.805,156.941,22.395,6.252,3.191,0.03
0423_26.csv,0423_26_mesh_23.ply,87.284,210.618,22.505,7.47,4.366,0.03
0423_26.csv,0423_26_mesh_24.ply,116.768,197.416,20.338,3.945,3.35,0.03
0423_26.csv,0423_26_mesh_25.ply,90.895,194.56,27.859,10.122,4.711,0.03
0424_08.csv,0424_08_mesh_13.ply,100.964,182.556,23.074,4.423,3.208,0.03
0421_01.csv,0421_01_mesh_13.ply,97.894,135.832,11.558,4.729,3.954,0.031
0422_04.csv,0422_04_mesh_25.ply,113.869,330.047,53.888,9.757,5.224,0.031
0422_08.csv,0422_08_mesh_2.ply,120.768,216.643,22.274,10.195,3.989,0.031
0423_07.csv,0423_07_mesh_2.ply,82.583,260.554,39.683,18.866,5.781,0.031
0423_21.csv,0423_21_mesh_22.ply,85.712,173.965,21.812,5.012,3.65,0.031
0424_02.csv,0424_02_mesh_23.ply,112.259,184.078,18.958,7.909,3.552,0.031
0424_08.csv,0424_08_mesh_3.ply,101.371,279.543,40.269,7.798,8.739,0.031
0422_12.csv,0422_12_mesh_4.ply,72.354,120.41,15.37,4.806,3.743,0.032
0423_07.csv,0423_07_mesh_8.ply,76.827,283.713,47.277,8.281,4.085,0.032
0423_08.csv,0423_08_mesh_7.ply,90.465,363.517,41.033,15.751,5.666,0.032
0423_12.csv,0423_12_mesh_7.ply,16.036,296.765,19.697,8.951,4.837,0.032
0423_17.csv,0423_17_mesh_16.ply,97.163,162.298,16.127,6.866,3.709,0.032
0423_17.csv,0423_17_mesh_9.ply,117.939,219.264,26.823,7.498,3.636,0.032
0424_03.csv,0424_03_mesh_24.ply,108.897,253.247,33.062,9.967,6.668,0.032
0424_08.csv,0424_08_mesh_17.ply,99.556,347.579,38.383,10.894,9.545,0.032
0424_09.csv,0424_09_mesh_18.ply,147.979,398.082,37.034,19.833,4.279,0.032
0422_12.csv,0422_12_mesh_12.ply,52.291,130.615,25.342,5.663,5.771,0.033
0423_07.csv,0423_07_mesh_10.ply,78.33,226.721,38.404,8.106,3.656,0.033
0423_14.csv,0423_14_mesh_17.ply,108.29,195.653,19.019,5.884,4.289,0.033
0423_17.csv,0423_17_mesh_1.ply,140.611,376.228,46.695,16.469,3.741,0.033
0424_02.csv,0424_02_mesh_6.ply,140.263,353.461,36.633,7.603,3.859,0.033
0424_03.csv,0424_03_mesh_15.ply,66.409,143.454,16.544,7.032,4.628,0.033
0424_08.csv,0424_08_mesh_18.ply,101.48,195.654,25.738,4.877,2.999,0.033
0424_09.csv,0424_09_mesh_26.ply,140.821,258.584,23.088,9.942,5.584,0.033
0422_02.csv,0422_02_mesh_4.ply,62.759,115.019,8.264,6.443,4.524,0.034
0422_12.csv,0422_12_mesh_1.ply,75.735,60.494,17.863,7.908,3.294,0.034
0423_06.csv,0423_06_mesh_2.ply,138.453,309.849,35.284,9.33,6.879,0.034
0423_10.csv,0423_10_mesh_16.ply,118.051,151.485,8.388,6.543,5.528,0.034
0423_14.csv,0423_14_mesh_25.ply,129.038,247.143,33.731,5.204,3.115,0.034
0423_14.csv,0423_14_mesh_5.ply,148.551,365.762,40.494,26.123,4.077,0.034
0424_02.csv,0424_02_mesh_16.ply,130.42,213.095,22.699,4.822,3.523,0.034
0424_06.csv,0424_06_mesh_14.ply,133.138,283.813,32.808,13.858,11.754,0.034
0424_08.csv,0424_08_mesh_6.ply,105.816,224.407,32.794,4.617,3.353,0.034
0424_09.csv,0424_09_mesh_17.ply,128.664,250.36,27.629,4.769,3.278,0.034
0422_08.csv,0422_08_mesh_6.ply,107.078,225.519,31.594,5.562,4.488,0.035
0423_08.csv,0423_08_mesh_17.ply,104.673,213.499,22.192,8.34,5.188,0.035
0423_13.csv,0423_13_mesh_13.ply,109.091,204.977,25.72,7.535,6.394,0.035
0423_13.csv,0423_13_mesh_16.ply,36.344,116.3,22.623,3.851,2.351,0.035
0423_14.csv,0423_14_mesh_23.ply,138.309,267.562,31.258,7.821,6.295,0.035
0423_15.csv,0423_15_mesh_13.ply,181.625,217.73,13.945,6.266,4.646,0.035
0423_17.csv,0423_17_mesh_23.ply,138.529,269.453,30.532,10.618,3.766,0.035
0423_21.csv,0423_21_mesh_10.ply,120.502,205.034,18.54,8.17,4.795,0.035
0423_26.csv,0423_26_mesh_22.ply,124.233,215.074,27.553,8.476,4.219,0.035
0424_08.csv,0424_08_mesh_10.ply,90.769,201.908,12.207,9.752,3.781,0.035
0422_04.csv,0422_04_mesh_17.ply,105.947,152.907,12.455,4.418,3.969,0.036
0423_17.csv,0423_17_mesh_27.ply,50.785,136.997,17.843,6.947,3.924,0.036
0424_02.csv,0424_02_mesh_15.ply,118.156,259.814,36.055,4.388,3.696,0.036
0424_02.csv,0424_02_mesh_2.ply,145.467,253.995,31.376,4.946,4.612,0.036
0424_08.csv,0424_08_mesh_9.ply,126.135,210.259,24.482,5.41,3.183,0.036
0421_01.csv,0421_01_mesh_8.ply,92.363,316.19,48.213,10.439,5.179,0.037
0422_08.csv,0422_08_mesh_12.ply,150.53,283.478,33.856,7.213,3.456,0.037
0422_10.csv,0422_10_mesh_1.ply,121.441,244.555,23.124,6.907,4.499,0.037
0422_10.csv,0422_10_mesh_20.ply,108.378,162.133,14.408,6.238,4.286,0.037
0422_12.csv,0422_12_mesh_2.ply,224.384,253.994,44.8,19.072,4.135,0.037
0422_12.csv,0422_12_mesh_5.ply,15.294,114.968,16.122,3.861,3.315,0.037
0423_08.csv,0423_08_mesh_24.ply,125.975,192.418,16.311,7.507,3.564,0.037
0423_10.csv,0423_10_mesh_1.ply,115.47,230.702,27.223,9.427,5.098,0.037
0423_11.csv,0423_11_mesh_16.ply,99.695,160.941,20.25,5.0,3.983,0.037
0423_22.csv,0423_22_mesh_12.ply,152.338,390.691,53.472,15.812,12.251,0.037
0424_08.csv,0424_08_mesh_5.ply,124.808,273.943,40.695,5.059,4.979,0.037
0424_08.csv,0424_08_mesh_8.ply,107.024,185.882,17.476,6.93,4.534,0.037
0422_02.csv,0422_02_mesh_11.ply,121.797,175.689,15.879,5.433,4.051,0.038
0423_05.csv,0423_05_mesh_6.ply,120.728,185.223,16.344,4.123,4.585,0.038
0423_10.csv,0423_10_mesh_2.ply,124.136,200.622,20.237,5.235,3.924,0.038
0423_25.csv,0423_25_mesh_8.ply,116.163,199.318,22.518,4.253,3.119,0.038
0424_02.csv,0424_02_mesh_5.ply,147.669,258.783,31.356,6.001,3.622,0.038
0422_10.csv,0422_10_mesh_4.ply,93.735,277.75,43.556,8.092,5.447,0.039
0422_10.csv,0422_10_mesh_7.ply,111.802,211.452,23.133,6.435,8.059,0.039
0422_11.csv,0422_11_mesh_8.ply,100.343,244.915,41.0,10.267,3.878,0.039
0423_13.csv,0423_13_mesh_5.ply,177.306,419.26,51.467,15.138,3.718,0.039
0423_18.csv,0423_18_mesh_20.ply,120.283,249.217,34.411,7.494,6.89,0.039
0423_25.csv,0423_25_mesh_10.ply,68.655,148.73,19.881,4.817,3.716,0.039
0424_02.csv,0424_02_mesh_13.ply,132.354,258.287,34.04,7.866,6.121,0.039
0424_09.csv,0424_09_mesh_22.ply,117.582,195.53,14.707,6.078,5.733,0.039
0423_18.csv,0423_18_mesh_17.ply,57.915,301.057,26.469,12.631,6.457,0.04
0422_04.csv,0422_04_mesh_20.ply,161.673,241.799,23.445,5.421,3.969,0.041
0422_04.csv,0422_04_mesh_3.ply,57.957,225.746,37.142,7.444,9.466,0.041
0423_17.csv,0423_17_mesh_32.ply,123.474,195.287,14.248,5.113,6.264,0.041
0423_21.csv,0423_21_mesh_5.ply,162.153,248.945,21.461,6.361,5.568,0.041
0424_02.csv,0424_02_mesh_8.ply,169.897,290.672,31.23,10.796,5.975,0.041
0422_08.csv,0422_08_mesh_8.ply,119.264,205.028,23.455,6.876,3.463,0.042
0422_09.csv,0422_09_mesh_10.ply,44.784,166.654,29.792,9.183,2.582,0.042
0422_09.csv,0422_09_mesh_6.ply,98.31,274.233,47.465,6.482,6.562,0.042
0423_21.csv,0423_21_mesh_12.ply,113.789,256.44,24.024,12.853,10.226,0.042
0423_21.csv,0423_21_mesh_15.ply,156.401,215.305,11.197,6.562,4.771,0.042
0423_21.csv,0423_21_mesh_8.ply,131.071,274.206,28.819,5.016,6.643,0.042
0424_03.csv,0424_03_mesh_11.ply,133.234,213.727,18.038,5.405,3.859,0.042
0424_03.csv,0424_03_mesh_13.ply,166.455,438.373,40.855,19.243,9.173,0.042
0422_10.csv,0422_10_mesh_13.ply,161.146,239.343,22.37,8.395,3.62,0.043
0423_07.csv,0423_07_mesh_18.ply,129.745,222.582,19.112,11.398,6.455,0.043
0423_09.csv,0423_09_mesh_2.ply,136.089,236.48,14.81,7.527,4.595,0.043
0423_10.csv,0423_10_mesh_4.ply,150.478,220.665,13.86,11.037,7.19,0.043
0423_16.csv,0423_16_mesh_11.ply,167.143,382.452,41.096,12.926,11.931,0.043
0423_17.csv,0423_17_mesh_3.ply,154.404,356.363,42.299,6.609,10.15,0.043
0423_20.csv,0423_20_mesh_9.ply,101.665,218.594,22.153,6.028,4.721,0.043
0423_26.csv,0423_26_mesh_20.ply,144.711,235.623,22.49,8.525,8.226,0.043
0422_03.csv,0422_03_mesh_5.ply,0.508,168.342,33.617,6.453,3.199,0.044
0422_08.csv,0422_08_mesh_10.ply,120.5,303.431,43.547,12.64,4.623,0.044
0423_07.csv,0423_07_mesh_4.ply,137.724,234.861,22.746,9.745,5.043,0.044
0423_10.csv,0423_10_mesh_18.ply,135.848,297.335,34.703,15.95,6.021,0.044
0423_13.csv,0423_13_mesh_18.ply,146.846,321.693,41.034,16.863,9.319,0.044
0423_13.csv,0423_13_mesh_6.ply,125.11,184.092,19.884,7.38,5.405,0.044
0423_23.csv,0423_23_mesh_3.ply,71.286,266.603,19.824,7.401,4.131,0.044
0423_26.csv,0423_26_mesh_11.ply,138.105,225.974,23.684,8.249,4.195,0.044
0423_26.csv,0423_26_mesh_16.ply,97.435,170.272,18.915,4.424,3.023,0.044
0424_09.csv,0424_09_mesh_5.ply,133.356,286.656,22.331,8.747,5.191,0.044
0422_04.csv,0422_04_mesh_22.ply,147.306,370.481,52.01,8.556,4.006,0.045
0423_25.csv,0423_25_mesh_6.ply,142.652,279.237,34.781,12.106,5.002,0.045
0424_07.csv,0424_07_mesh_7.ply,181.141,387.303,52.866,10.417,3.995,0.045
0422_03.csv,0422_03_mesh_10.ply,116.351,167.149,10.65,7.67,4.533,0.046
0422_03.csv,0422_03_mesh_3.ply,116.707,301.13,43.295,11.711,3.898,0.046
0422_12.csv,0422_12_mesh_14.ply,270.515,188.416,41.427,5.86,3.542,0.046
0423_26.csv,0423_26_mesh_9.ply,121.463,371.138,55.317,22.001,8.823,0.046
0424_03.csv,0424_03_mesh_29.ply,151.862,344.761,39.781,11.115,9.301,0.046
0424_08.csv,0424_08_mesh_12.ply,116.654,402.544,38.666,15.229,4.774,0.046
0424_08.csv,0424_08_mesh_25.ply,139.836,199.301,18.458,5.941,4.611,0.046
0424_09.csv,0424_09_mesh_27.ply,143.511,444.138,33.415,23.242,4.701,0.046
0422_09.csv,0422_09_mesh_5.ply,112.262,252.715,21.524,4.703,3.521,0.047
0423_07.csv,0423_07_mesh_5.ply,92.243,329.719,64.82,10.374,12.104,0.047
0423_17.csv,0423_17_mesh_24.ply,192.062,402.889,45.686,7.398,4.575,0.047
0423_17.csv,0423_17_mesh_7.ply,201.806,528.581,62.979,18.553,6.633,0.047
0423_21.csv,0423_21_mesh_21.ply,131.074,344.587,41.975,8.862,10.353,0.047
0423_06.csv,0423_06_mesh_9.ply,146.214,231.896,19.076,5.853,4.354,0.048
0423_09.csv,0423_09_mesh_13.ply,202.987,236.358,13.181,6.771,6.299,0.048
0423_13.csv,0423_13_mesh_17.ply,122.795,300.774,50.671,7.167,5.617,0.048
0423_25.csv,0423_25_mesh_9.ply,137.419,327.85,45.233,14.015,7.215,0.048
0423_26.csv,0423_26_mesh_12.ply,148.658,276.288,34.842,12.929,4.65,0.048
0424_07.csv,0424_07_mesh_2.ply,177.686,360.001,44.961,11.153,6.362,0.048
0424_08.csv,0424_08_mesh_2.ply,181.648,366.858,39.656,8.384,7.512,0.048
0422_10.csv,0422_10_mesh_10.ply,134.979,287.948,28.394,6.231,3.96,0.049
0423_09.csv,0423_09_mesh_14.ply,85.072,172.548,18.408,5.757,4.07,0.049
0423_10.csv,0423_10_mesh_13.ply,161.698,230.594,19.798,5.626,4.054,0.049
0423_15.csv,0423_15_mesh_5.ply,192.6,271.792,20.538,5.765,4.952,0.049
0424_02.csv,0424_02_mesh_22.ply,124.16,273.247,23.1,11.099,9.357,0.049
0424_08.csv,0424_08_mesh_14.ply,150.361,263.728,28.974,6.207,5.1,0.049
0424_08.csv,0424_08_mesh_21.ply,122.22,319.118,50.487,9.62,4.694,0.049
0422_09.csv,0422_09_mesh_8.ply,151.689,274.236,36.968,6.826,4.136,0.05
0422_10.csv,0422_10_mesh_17.ply,127.765,259.842,28.466,11.956,3.783,0.05
0423_13.csv,0423_13_mesh_2.ply,177.7,383.524,42.124,17.808,4.106,0.05
0424_07.csv,0424_07_mesh_11.ply,189.536,543.847,74.701,22.467,5.468,0.05
0422_03.csv,0422_03_mesh_2.ply,140.272,319.876,32.3,10.872,6.209,0.051
0422_02.csv,0422_02_mesh_15.ply,164.353,242.105,21.818,6.008,3.751,0.052
0423_06.csv,0423_06_mesh_8.ply,184.07,295.368,30.966,9.694,4.087,0.052
0423_10.csv,0423_10_mesh_9.ply,166.102,262.516,29.094,5.062,4.069,0.052
0424_08.csv,0424_08_mesh_11.ply,93.198,244.347,29.266,7.212,8.284,0.052
0422_02.csv,0422_02_mesh_10.ply,152.417,200.289,11.08,7.277,5.805,0.053
0422_04.csv,0422_04_mesh_1.ply,180.986,265.849,25.751,6.168,5.433,0.053
0422_04.csv,0422_04_mesh_19.ply,167.137,299.584,24.614,9.684,6.5,0.053
0422_07.csv,0422_07_mesh_4.ply,87.3,163.711,16.533,6.516,3.833,0.053
0422_09.csv,0422_09_mesh_9.ply,160.397,318.131,40.309,9.622,6.797,0.053
0423_21.csv,0423_21_mesh_23.ply,166.496,241.92,25.591,4.937,4.763,0.053
0423_24.csv,0423_24_mesh_5.ply,162.213,196.691,13.25,8.042,5.47,0.053
0424_08.csv,0424_08_mesh_7.ply,85.337,232.983,37.154,11.179,4.79,0.053
0423_06.csv,0423_06_mesh_14.ply,132.501,326.733,39.501,14.332,6.727,0.054
0423_21.csv,0423_21_mesh_11.ply,269.401,402.739,37.663,10.621,4.422,0.054
0422_10.csv,0422_10_mesh_22.ply,158.148,291.317,22.847,9.788,4.637,0.055
0422_10.csv,0422_10_mesh_8.ply,158.998,206.3,15.585,7.635,4.178,0.055
0423_06.csv,0423_06_mesh_10.ply,123.426,261.22,34.188,13.624,2.888,0.055
0423_07.csv,0423_07_mesh_13.ply,96.18,397.847,74.903,11.706,4.53,0.055
0423_25.csv,0423_25_mesh_13.ply,180.151,276.975,27.624,7.095,3.769,0.055
0424_03.csv,0424_03_mesh_21.ply,204.903,589.107,100.484,20.194,7.183,0.056
0423_13.csv,0423_13_mesh_14.ply,220.886,278.336,24.009,7.505,5.082,0.057
0423_14.csv,0423_14_mesh_12.ply,178.776,377.92,40.188,11.304,14.228,0.057
0424_02.csv,0424_02_mesh_17.ply,169.178,283.883,24.006,16.956,6.854,0.057
0422_08.csv,0422_08_mesh_13.ply,181.39,240.732,21.193,5.56,4.027,0.058
0423_21.csv,0423_21_mesh_9.ply,207.021,553.286,48.631,37.722,3.944,0.058
0423_26.csv,0423_26_mesh_6.ply,128.217,316.746,43.175,18.102,5.199,0.058
0424_03.csv,0424_03_mesh_27.ply,15.659,162.897,28.677,8.617,5.369,0.058
0423_04.csv,0423_04_mesh_4.ply,197.262,222.607,14.087,5.348,5.355,0.059
0423_05.csv,0423_05_mesh_12.ply,170.09,303.858,32.548,5.524,3.806,0.059
0423_24.csv,0423_24_mesh_4.ply,206.722,351.172,31.943,7.334,4.576,0.06
0424_08.csv,0424_08_mesh_23.ply,177.467,399.55,38.938,18.746,8.253,0.06
0422_09.csv,0422_09_mesh_4.ply,212.578,471.471,57.356,22.412,5.356,0.062
0422_10.csv,0422_10_mesh_19.ply,199.384,320.944,25.394,16.334,6.923,0.062
0423_16.csv,0423_16_mesh_3.ply,254.24,434.447,37.153,7.478,7.638,0.062
0423_06.csv,0423_06_mesh_1.ply,209.738,429.279,53.063,10.015,6.886,0.064
0423_06.csv,0423_06_mesh_19.ply,150.308,296.771,33.795,5.998,5.539,0.064
0423_06.csv,0423_06_mesh_20.ply,215.851,362.874,35.712,12.538,6.998,0.064
0423_21.csv,0423_21_mesh_4.ply,257.697,394.939,22.065,12.045,5.304,0.064
0424_06.csv,0424_06_mesh_4.ply,243.244,414.936,33.36,12.65,5.339,0.064
0423_07.csv,0423_07_mesh_16.ply,243.183,540.092,56.833,20.836,5.713,0.065
0423_15.csv,0423_15_mesh_15.ply,205.272,233.12,10.465,8.845,5.842,0.065
0423_24.csv,0423_24_mesh_13.ply,187.562,349.842,33.793,10.162,7.544,0.065
0423_05.csv,0423_05_mesh_13.ply,170.265,189.305,10.733,6.437,6.198,0.066
0423_07.csv,0423_07_mesh_9.ply,171.636,483.774,73.434,18.953,3.829,0.066
0423_16.csv,0423_16_mesh_9.ply,236.538,427.681,43.071,8.687,7.274,0.066
0422_02.csv,0422_02_mesh_9.ply,104.531,259.514,24.593,17.224,8.81,0.067
0422_07.csv,0422_07_mesh_10.ply,222.708,280.543,20.557,7.919,4.588,0.067
0422_07.csv,0422_07_mesh_3.ply,152.595,192.972,12.773,5.275,5.279,0.067
0423_07.csv,0423_07_mesh_6.ply,223.412,373.409,37.019,9.821,4.974,0.067
0423_12.csv,0423_12_mesh_17.ply,225.578,359.923,35.875,5.852,4.297,0.068
0423_14.csv,0423_14_mesh_10.ply,142.873,403.062,22.522,9.433,5.058,0.068
0423_20.csv,0423_20_mesh_15.ply,190.727,300.446,31.666,9.003,5.29,0.068
0422_04.csv,0422_04_mesh_2.ply,201.999,397.481,36.95,10.182,8.243,0.069
0422_07.csv,0422_07_mesh_13.ply,174.477,199.367,13.477,6.771,4.768,0.07
0423_06.csv,0423_06_mesh_6.ply,216.407,485.027,73.475,17.71,4.851,0.07
0423_21.csv,0423_21_mesh_6.ply,244.827,307.144,18.958,7.216,5.553,0.07
0424_02.csv,0424_02_mesh_1.ply,228.487,292.706,20.557,6.344,5.243,0.07
0423_16.csv,0423_16_mesh_10.ply,271.061,411.584,40.126,5.066,4.587,0.071
0423_24.csv,0423_24_mesh_7.ply,237.274,339.885,24.981,9.163,5.75,0.071
0424_07.csv,0424_07_mesh_10.ply,237.554,550.172,60.173,12.841,6.398,0.071
0423_07.csv,0423_07_mesh_17.ply,254.376,499.66,39.531,22.053,6.81,0.072
0423_06.csv,0423_06_mesh_17.ply,224.581,278.378,24.946,7.568,5.843,0.073
0423_06.csv,0423_06_mesh_5.ply,246.556,341.107,28.094,7.919,4.913,0.073
0423_20.csv,0423_20_mesh_6.ply,305.023,453.084,39.201,7.442,4.584,0.073
0421_01.csv,0421_01_mesh_2.ply,194.684,439.42,47.741,24.158,9.495,0.074
0421_01.csv,0421_01_mesh_3.ply,216.726,350.574,27.078,5.911,3.883,0.074
0424_08.csv,0424_08_mesh_19.ply,235.564,463.107,51.502,13.255,11.02,0.074
0421_01.csv,0421_01_mesh_12.ply,268.857,287.203,15.626,7.206,5.909,0.075
0424_07.csv,0424_07_mesh_5.ply,259.243,522.784,49.742,19.77,5.199,0.076
0423_10.csv,0423_10_mesh_6.ply,291.296,431.124,41.178,7.771,4.459,0.077
0423_24.csv,0423_24_mesh_8.ply,225.856,261.161,13.243,7.712,6.213,0.077
0424_09.csv,0424_09_mesh_24.ply,289.057,398.632,27.024,11.387,5.503,0.078
0422_10.csv,0422_10_mesh_18.ply,187.384,351.145,39.195,8.601,5.45,0.079
0423_21.csv,0423_21_mesh_3.ply,247.344,386.414,37.967,6.651,5.514,0.079
0424_07.csv,0424_07_mesh_1.ply,306.553,503.764,39.167,13.177,7.371,0.08
0422_01.csv,0422_01_mesh_3.ply,240.037,281.967,21.4,5.247,4.819,0.081
0423_09.csv,0423_09_mesh_12.ply,282.354,420.502,39.556,13.118,3.935,0.082
0424_06.csv,0424_06_mesh_13.ply,274.126,718.008,52.247,22.791,9.686,0.082
0423_05.csv,0423_05_mesh_3.ply,206.501,254.691,18.399,6.334,4.923,0.083
0423_25.csv,0423_25_mesh_14.ply,198.342,361.931,36.721,13.448,6.084,0.083
0422_02.csv,0422_02_mesh_5.ply,230.871,273.141,22.217,5.037,5.106,0.084
0423_24.csv,0423_24_mesh_1.ply,285.374,319.548,22.298,7.463,5.525,0.084
0422_09.csv,0422_09_mesh_1.ply,56.036,267.199,57.792,8.044,5.512,0.086
0423_12.csv,0423_12_mesh_4.ply,247.719,270.564,22.583,6.22,5.414,0.086
0423_25.csv,0423_25_mesh_4.ply,108.882,344.899,63.021,10.922,5.373,0.086
0422_08.csv,0422_08_mesh_4.ply,293.893,522.656,71.331,21.087,9.355,0.087
0422_02.csv,0422_02_mesh_8.ply,302.017,253.658,8.709,8.177,7.871,0.088
0423_05.csv,0423_05_mesh_8.ply,264.535,402.346,32.648,15.545,7.377,0.088
0422_02.csv,0422_02_mesh_17.ply,221.637,343.096,35.667,7.923,4.839,0.089
0423_25.csv,0423_25_mesh_12.ply,332.516,406.917,31.305,7.06,5.098,0.089
0422_08.csv,0422_08_mesh_14.ply,306.52,373.745,30.786,6.376,4.877,0.09
0423_10.csv,0423_10_mesh_5.ply,332.068,708.272,88.649,42.458,10.468,0.091
0423_25.csv,0423_25_mesh_5.ply,190.884,428.151,51.44,30.06,10.136,0.091
0422_01.csv,0422_01_mesh_1.ply,235.054,406.478,42.925,15.584,4.896,0.092
0422_02.csv,0422_02_mesh_16.ply,302.141,351.402,26.676,5.837,4.864,0.094
0422_07.csv,0422_07_mesh_8.ply,283.11,369.263,34.431,7.635,4.455,0.094
0423_09.csv,0423_09_mesh_11.ply,272.285,253.88,10.689,9.522,6.576,0.094
0423_12.csv,0423_12_mesh_2.ply,358.542,426.722,25.359,7.396,7.096,0.094
0423_15.csv,0423_15_mesh_3.ply,366.037,357.479,18.985,7.273,7.006,0.094
0423_16.csv,0423_16_mesh_7.ply,259.885,423.449,39.561,11.847,6.692,0.095
0424_02.csv,0424_02_mesh_11.ply,76.865,359.995,80.042,9.116,4.461,0.097
0423_18.csv,0423_18_mesh_14.ply,369.789,477.471,47.11,12.334,5.822,0.099
0423_10.csv,0423_10_mesh_11.ply,314.07,561.937,67.118,12.94,6.593,0.1
0422_07.csv,0422_07_mesh_15.ply,272.725,333.04,18.309,9.024,6.878,0.101
0424_02.csv,0424_02_mesh_14.ply,304.888,411.384,37.002,8.714,5.663,0.101
0423_05.csv,0423_05_mesh_5.ply,463.419,460.114,29.126,6.399,5.824,0.102
0423_26.csv,0423_26_mesh_1.ply,341.244,578.872,55.353,16.281,9.785,0.102
0424_05.csv,0424_05_mesh_8.ply,435.103,697.049,57.745,10.95,4.465,0.103
0423_05.csv,0423_05_mesh_7.ply,308.847,422.807,34.915,9.908,6.279,0.104
0423_24.csv,0423_24_mesh_12.ply,310.11,453.024,36.107,9.231,12.766,0.104
0424_07.csv,0424_07_mesh_4.ply,103.587,339.17,55.581,10.157,4.643,0.104
0423_10.csv,0423_10_mesh_7.ply,446.238,652.774,60.674,18.113,5.333,0.106
0423_05.csv,0423_05_mesh_16.ply,342.779,461.908,36.274,8.2,5.326,0.107
0423_15.csv,0423_15_mesh_6.ply,426.411,451.948,31.647,8.989,5.329,0.107
0423_16.csv,0423_16_mesh_6.ply,351.592,488.833,33.97,13.436,7.655,0.107
0423_04.csv,0423_04_mesh_6.ply,255.176,397.46,31.355,10.889,4.966,0.108
0423_13.csv,0423_13_mesh_1.ply,398.311,605.744,50.309,16.775,6.059,0.109
0423_09.csv,0423_09_mesh_6.ply,386.672,603.292,62.7,13.392,6.394,0.11
0423_16.csv,0423_16_mesh_14.ply,364.696,686.342,79.854,9.606,5.491,0.11
0424_01.csv,0424_01_mesh_5.ply,443.875,583.792,50.839,6.726,4.525,0.11
0423_13.csv,0423_13_mesh_10.ply,394.496,586.621,68.218,8.562,6.194,0.111
0423_16.csv,0423_16_mesh_1.ply,415.155,589.452,32.156,11.405,5.782,0.111
0424_06.csv,0424_06_mesh_6.ply,335.943,432.726,28.719,9.642,5.483,0.112
0424_06.csv,0424_06_mesh_9.ply,207.004,493.212,58.683,15.314,7.909,0.115
0423_20.csv,0423_20_mesh_3.ply,379.53,543.492,45.598,13.054,13.432,0.116
0424_07.csv,0424_07_mesh_13.ply,471.559,740.624,68.573,16.926,4.605,0.116
0422_09.csv,0422_09_mesh_12.ply,372.951,464.522,42.846,8.317,6.892,0.117
0423_25.csv,0423_25_mesh_3.ply,338.343,411.009,29.938,12.553,10.237,0.117
0424_07.csv,0424_07_mesh_3.ply,385.177,569.814,54.866,11.231,5.241,0.117
0422_08.csv,0422_08_mesh_1.ply,331.234,511.375,43.222,15.36,4.842,0.118
0423_10.csv,0423_10_mesh_17.ply,34.888,87.887,10.488,4.472,2.279,0.118
0423_20.csv,0423_20_mesh_11.ply,344.085,516.232,50.563,12.041,5.998,0.121
0421_01.csv,0421_01_mesh_1.ply,464.14,649.459,58.933,12.576,4.905,0.122
0423_05.csv,0423_05_mesh_11.ply,428.153,478.475,32.548,7.683,6.048,0.122
0422_03.csv,0422_03_mesh_13.ply,263.514,595.902,80.097,14.157,10.143,0.123
0422_03.csv,0422_03_mesh_15.ply,369.361,480.91,35.491,20.577,9.442,0.125
0423_16.csv,0423_16_mesh_13.ply,401.735,436.767,26.88,8.412,5.923,0.125
0423_12.csv,0423_12_mesh_11.ply,378.516,342.932,17.742,7.105,6.333,0.126
0422_08.csv,0422_08_mesh_15.ply,376.307,542.447,41.645,15.805,8.722,0.128
0423_12.csv,0423_12_mesh_3.ply,537.446,510.075,31.503,8.435,5.716,0.128
0422_08.csv,0422_08_mesh_9.ply,115.563,472.883,86.445,20.242,9.724,0.129
0424_01.csv,0424_01_mesh_4.ply,495.346,722.127,55.754,6.737,5.303,0.129
0423_16.csv,0423_16_mesh_5.ply,426.877,477.856,24.817,9.167,8.349,0.131
0423_24.csv,0423_24_mesh_9.ply,250.159,402.697,26.1,12.278,13.471,0.132
0422_02.csv,0422_02_mesh_6.ply,448.535,381.477,17.414,9.467,6.221,0.133
0422_08.csv,0422_08_mesh_5.ply,442.609,686.269,54.96,26.406,7.496,0.133
0424_06.csv,0424_06_mesh_1.ply,546.538,1130.73,109.124,34.726,8.242,0.134
0423_23.csv,0423_23_mesh_6.ply,432.536,694.162,53.195,18.246,13.694,0.136
0422_02.csv,0422_02_mesh_7.ply,385.265,530.305,52.806,5.931,4.346,0.137
0422_07.csv,0422_07_mesh_12.ply,225.028,347.803,27.905,5.792,5.833,0.137
0422_08.csv,0422_08_mesh_11.ply,477.739,709.62,56.316,15.365,9.961,0.137
0423_15.csv,0423_15_mesh_14.ply,440.14,475.606,20.29,8.851,7.432,0.138
0422_07.csv,0422_07_mesh_6.ply,388.136,317.722,15.928,9.976,7.158,0.139
0423_23.csv,0423_23_mesh_10.ply,582.991,530.561,30.496,7.235,7.395,0.139
0423_09.csv,0423_09_mesh_8.ply,424.939,523.353,31.964,17.385,8.807,0.14
0423_24.csv,0423_24_mesh_15.ply,464.323,646.111,46.165,21.871,6.691,0.14
0424_05.csv,0424_05_mesh_9.ply,478.541,434.733,23.723,6.912,7.007,0.14
0424_07.csv,0424_07_mesh_6.ply,513.575,709.284,58.675,12.029,5.852,0.14
0424_09.csv,0424_09_mesh_21.ply,464.076,441.866,24.185,10.57,5.952,0.14
0422_07.csv,0422_07_mesh_11.ply,449.995,413.84,19.068,7.749,7.319,0.141
0423_25.csv,0423_25_mesh_2.ply,414.965,695.326,62.49,11.391,7.701,0.142
0423_13.csv,0423_13_mesh_11.ply,543.78,830.438,72.15,26.898,12.435,0.145
0423_24.csv,0423_24_mesh_2.ply,425.845,460.365,21.411,19.777,6.792,0.147
0423_09.csv,0423_09_mesh_9.ply,502.767,675.095,42.09,25.391,8.687,0.148
0424_01.csv,0424_01_mesh_6.ply,511.943,695.303,55.203,8.398,6.127,0.148
0422_03.csv,0422_03_mesh_14.ply,365.657,460.953,29.425,8.815,15.483,0.149
0423_15.csv,0423_15_mesh_10.ply,432.494,428.767,32.234,8.052,5.074,0.149
0424_01.csv,0424_01_mesh_3.ply,571.241,578.69,33.596,7.353,6.861,0.15
0424_06.csv,0424_06_mesh_11.ply,273.448,653.641,74.99,23.043,7.456,0.15
0424_06.csv,0424_06_mesh_12.ply,562.038,826.0,52.574,15.808,5.517,0.15
0422_02.csv,0422_02_mesh_18.ply,403.228,524.286,46.524,7.58,6.055,0.153
0423_12.csv,0423_12_mesh_1.ply,537.411,599.783,38.294,11.915,6.13,0.157
0422_02.csv,0422_02_mesh_3.ply,513.285,666.434,57.209,12.891,7.163,0.158
0422_09.csv,0422_09_mesh_2.ply,591.459,1034.381,92.352,44.246,8.289,0.158
0423_24.csv,0423_24_mesh_6.ply,238.433,289.444,22.672,5.953,4.791,0.161
0422_03.csv,0422_03_mesh_6.ply,419.01,827.679,64.202,35.618,9.12,0.162
0422_08.csv,0422_08_mesh_3.ply,136.476,512.541,64.086,13.289,6.51,0.164
0424_02.csv,0424_02_mesh_3.ply,401.268,535.319,31.214,22.66,7.327,0.165
0422_02.csv,0422_02_mesh_13.ply,259.099,506.237,56.84,21.642,5.941,0.166
0423_15.csv,0423_15_mesh_16.ply,621.027,490.731,18.333,10.559,7.735,0.166
0424_01.csv,0424_01_mesh_2.ply,481.917,515.805,32.538,8.359,6.172,0.166
0423_23.csv,0423_23_mesh_11.ply,510.48,456.496,25.195,10.659,9.032,0.168
0422_10.csv,0422_10_mesh_15.ply,435.221,654.285,57.403,14.067,10.292,0.169
0421_01.csv,0421_01_mesh_5.ply,626.196,980.113,90.807,22.957,8.666,0.177
0423_20.csv,0423_20_mesh_14.ply,583.742,413.925,16.299,10.31,7.322,0.181
0424_02.csv,0424_02_mesh_7.ply,642.157,687.868,41.977,12.289,6.346,0.181
0424_06.csv,0424_06_mesh_7.ply,602.005,794.387,36.583,10.889,9.256,0.181
0423_20.csv,0423_20_mesh_2.ply,673.928,788.309,54.461,10.425,5.358,0.186
0424_01.csv,0424_01_mesh_7.ply,442.064,701.747,68.24,16.707,8.105,0.187
0423_23.csv,0423_23_mesh_7.ply,783.116,702.099,35.76,7.121,7.458,0.191
0423_05.csv,0423_05_mesh_2.ply,584.699,514.206,33.511,9.547,6.756,0.196
0423_24.csv,0423_24_mesh_11.ply,699.159,1005.188,91.24,27.866,8.281,0.197
0423_09.csv,0423_09_mesh_5.ply,745.852,1063.154,92.053,29.549,6.802,0.204
0423_04.csv,0423_04_mesh_9.ply,525.457,766.099,72.225,7.531,6.132,0.206
0423_23.csv,0423_23_mesh_13.ply,739.067,509.995,18.757,12.834,8.804,0.209
0423_03.csv,0423_03_mesh_2.ply,233.119,621.408,92.497,10.852,7.155,0.214
0423_05.csv,0423_05_mesh_9.ply,669.253,681.318,42.854,7.141,6.486,0.214
0423_23.csv,0423_23_mesh_17.ply,907.679,719.588,36.554,9.241,6.471,0.214
0423_10.csv,0423_10_mesh_14.ply,614.833,1023.65,75.925,40.058,16.979,0.217
0424_01.csv,0424_01_mesh_9.ply,815.201,704.402,33.888,10.119,7.256,0.217
0423_05.csv,0423_05_mesh_10.ply,839.052,874.92,51.946,8.529,5.857,0.221
0423_23.csv,0423_23_mesh_15.ply,907.506,598.353,21.085,10.673,9.856,0.221
0422_07.csv,0422_07_mesh_1.ply,508.347,645.858,54.36,9.728,8.722,0.222
0423_04.csv,0423_04_mesh_7.ply,444.533,644.055,38.82,19.156,18.83,0.223
0421_01.csv,0421_01_mesh_10.ply,766.697,1073.893,89.788,23.914,10.5,0.224
0423_12.csv,0423_12_mesh_15.ply,495.575,428.323,15.863,14.527,8.902,0.224
0422_07.csv,0422_07_mesh_7.ply,787.707,778.903,48.083,9.203,6.696,0.225
0424_05.csv,0424_05_mesh_10.ply,770.219,898.803,50.723,25.141,24.487,0.226
0423_16.csv,0423_16_mesh_12.ply,519.604,798.487,68.844,22.167,6.742,0.227
0422_09.csv,0422_09_mesh_3.ply,566.874,859.484,72.8,21.018,10.476,0.23
0423_16.csv,0423_16_mesh_4.ply,237.405,729.363,92.11,15.962,6.577,0.231
0422_07.csv,0422_07_mesh_5.ply,499.675,1038.166,88.613,35.436,14.188,0.236
0421_01.csv,0421_01_mesh_9.ply,673.69,485.67,20.897,12.66,8.545,0.237
0423_20.csv,0423_20_mesh_1.ply,763.331,615.519,38.111,7.191,7.948,0.237
0424_06.csv,0424_06_mesh_3.ply,758.296,889.193,34.182,22.307,8.734,0.239
0423_23.csv,0423_23_mesh_18.ply,872.811,783.893,40.336,8.193,8.482,0.243
0423_23.csv,0423_23_mesh_12.ply,795.845,573.789,21.161,16.075,9.012,0.249
0423_23.csv,0423_23_mesh_16.ply,753.58,657.694,39.43,8.05,6.944,0.249
0423_15.csv,0423_15_mesh_11.ply,879.587,855.949,49.532,13.469,7.822,0.253
0421_01.csv,0421_01_mesh_11.ply,631.775,582.416,26.787,8.967,6.125,0.258
0423_25.csv,0423_25_mesh_11.ply,630.935,892.806,60.189,29.046,12.909,0.258
0423_15.csv,0423_15_mesh_7.ply,1137.561,853.881,42.847,9.707,7.89,0.264
0424_07.csv,0424_07_mesh_9.ply,409.797,849.342,109.642,14.603,6.478,0.264
0423_21.csv,0423_21_mesh_14.ply,820.033,900.163,47.01,30.087,7.676,0.276
0423_12.csv,0423_12_mesh_10.ply,819.963,588.357,25.77,8.575,7.706,0.278
0422_02.csv,0422_02_mesh_2.ply,872.255,1016.994,58.828,22.97,20.582,0.279
0423_20.csv,0423_20_mesh_5.ply,1045.615,725.519,32.306,10.677,9.168,0.279
0423_20.csv,0423_20_mesh_7.ply,1019.679,796.612,33.286,12.79,8.374,0.28
0424_06.csv,0424_06_mesh_10.ply,932.706,1261.582,60.394,22.784,14.629,0.282
0422_01.csv,0422_01_mesh_7.ply,762.83,865.408,38.614,24.453,12.681,0.283
0421_01.csv,0421_01_mesh_4.ply,674.776,696.531,29.345,11.587,7.34,0.285
0423_24.csv,0423_24_mesh_14.ply,697.911,1119.246,94.633,26.383,14.54,0.285
0424_05.csv,0424_05_mesh_11.ply,1120.976,914.391,29.193,13.455,9.57,0.286
0423_23.csv,0423_23_mesh_4.ply,1217.287,908.048,39.892,9.986,7.093,0.29
0422_03.csv,0422_03_mesh_1.ply,799.189,1080.053,87.656,19.126,14.007,0.291
0423_23.csv,0423_23_mesh_1.ply,931.27,814.941,45.673,8.715,7.036,0.292
0423_23.csv,0423_23_mesh_5.ply,1079.492,804.034,33.698,11.066,8.425,0.292
0423_24.csv,0423_24_mesh_3.ply,855.651,1302.062,118.235,39.379,24.356,0.295
0422_03.csv,0422_03_mesh_7.ply,634.466,1066.621,70.562,24.942,12.643,0.304
0423_23.csv,0423_23_mesh_2.ply,1277.308,1045.701,56.486,10.353,7.16,0.312
0423_04.csv,0423_04_mesh_3.ply,726.649,1055.941,71.5,40.665,7.462,0.323
0423_25.csv,0423_25_mesh_1.ply,1066.09,1136.587,54.847,43.171,20.441,0.325
0423_06.csv,0423_06_mesh_3.ply,1050.498,1326.949,91.183,34.478,10.106,0.327
0423_04.csv,0423_04_mesh_2.ply,786.164,1115.807,63.751,26.698,21.779,0.335
0423_09.csv,0423_09_mesh_3.ply,1311.221,856.157,24.851,17.487,9.913,0.336
0423_15.csv,0423_15_mesh_2.ply,1297.245,1424.992,104.915,21.623,8.47,0.336
0423_20.csv,0423_20_mesh_8.ply,1176.467,955.448,52.378,10.315,7.227,0.341
0424_01.csv,0424_01_mesh_11.ply,1196.414,761.983,32.871,9.487,8.441,0.341
0423_12.csv,0423_12_mesh_5.ply,1126.726,854.134,40.179,8.502,8.53,0.343
0424_06.csv,0424_06_mesh_5.ply,1295.574,1182.578,51.088,29.731,10.092,0.357
0423_15.csv,0423_15_mesh_12.ply,1321.303,975.51,40.028,11.731,9.077,0.362
0424_07.csv,0424_07_mesh_12.ply,1116.072,1724.196,130.402,52.375,33.608,0.366
0423_09.csv,0423_09_mesh_7.ply,1477.866,1162.682,57.646,12.465,6.665,0.37
0424_05.csv,0424_05_mesh_3.ply,1323.936,1071.231,52.911,9.032,7.825,0.381
0422_07.csv,0422_07_mesh_16.ply,1498.897,1046.045,42.474,9.017,8.33,0.388
0423_05.csv,0423_05_mesh_1.ply,820.37,1560.125,89.894,55.441,48.086,0.39
0423_09.csv,0423_09_mesh_10.ply,1346.045,1223.874,74.823,19.317,6.031,0.4
0423_05.csv,0423_05_mesh_14.ply,1348.699,1018.583,44.489,12.672,12.947,0.408
0423_20.csv,0423_20_mesh_4.ply,1136.467,908.338,49.273,17.848,8.007,0.413
0422_07.csv,0422_07_mesh_14.ply,718.508,1070.298,69.664,29.735,27.452,0.419
0423_04.csv,0423_04_mesh_8.ply,1709.883,1475.697,64.341,23.102,9.318,0.444
0423_12.csv,0423_12_mesh_14.ply,1235.63,1077.014,55.687,27.906,15.529,0.456
0423_05.csv,0423_05_mesh_15.ply,794.312,1118.015,70.019,29.954,10.847,0.459
0423_16.csv,0423_16_mesh_8.ply,506.353,1203.58,140.165,16.596,9.705,0.469
0422_02.csv,0422_02_mesh_1.ply,351.755,1040.672,98.922,27.812,18.481,0.475
0421_01.csv,0421_01_mesh_6.ply,1340.737,1274.471,53.565,20.339,16.605,0.485
0422_01.csv,0422_01_mesh_4.ply,1120.131,1499.864,102.764,43.579,11.574,0.507
0423_12.csv,0423_12_mesh_6.ply,1777.501,1235.282,44.023,17.892,8.329,0.524
0422_01.csv,0422_01_mesh_8.ply,1729.497,1031.709,35.15,16.735,9.376,0.571
0424_01.csv,0424_01_mesh_10.ply,1996.426,1282.061,53.491,11.149,10.515,0.581
0423_12.csv,0423_12_mesh_13.ply,2084.083,1507.999,58.11,13.336,10.472,0.583
0422_01.csv,0422_01_mesh_2.ply,1366.151,1772.316,99.807,59.57,21.381,0.595
0423_03.csv,0423_03_mesh_3.ply,1625.56,1376.45,27.852,16.261,13.655,0.624
0423_06.csv,0423_06_mesh_4.ply,1069.299,1445.126,113.713,28.202,8.816,0.64
0423_23.csv,0423_23_mesh_8.ply,1726.338,1237.516,57.906,15.151,10.416,0.686
0423_23.csv,0423_23_mesh_14.ply,2323.705,1203.663,31.289,16.277,14.39,0.691
0424_01.csv,0424_01_mesh_12.ply,2454.869,1975.692,73.835,25.577,11.747,0.72
0424_05.csv,0424_05_mesh_1.ply,2496.914,1412.009,47.193,12.259,10.24,0.733
0424_05.csv,0424_05_mesh_4.ply,2031.73,1211.28,44.259,15.318,9.104,0.782
0423_12.csv,0423_12_mesh_12.ply,2388.387,1374.718,37.835,18.374,13.956,0.884
0423_20.csv,0423_20_mesh_12.ply,2550.421,1706.761,61.765,25.796,13.451,0.927
0422_02.csv,0422_02_mesh_14.ply,2270.341,1432.898,56.815,18.179,9.171,0.933
0423_20.csv,0423_20_mesh_13.ply,3298.594,1883.605,47.55,28.462,11.502,0.981
0423_15.csv,0423_15_mesh_4.ply,2156.912,1826.417,83.684,32.326,11.959,0.983
0423_04.csv,0423_04_mesh_5.ply,3223.329,1862.908,41.981,35.225,12.823,0.988
0424_01.csv,0424_01_mesh_13.ply,4123.931,2082.296,66.27,18.262,10.75,1.125
0424_01.csv,0424_01_mesh_8.ply,3270.831,1946.829,67.671,26.945,11.951,1.336
0423_15.csv,0423_15_mesh_1.ply,3374.311,1795.06,40.459,35.015,12.643,1.518
0424_05.csv,0424_05_mesh_2.ply,6545.396,3446.543,113.397,25.431,9.985,1.707
0423_02.csv,0423_02_mesh.ply,1688.342,7744.221,178.717,130.727,106.215,2.059
0422_01.csv,0422_01_mesh_6.ply,4648.12,2711.048,79.024,35.367,13.682,2.451
0423_12.csv,0423_12_mesh_9.ply,4283.406,3062.629,68.761,58.098,13.021,3.323
0424_05.csv,0424_05_mesh_6.ply,5990.054,2892.534,60.2,45.937,23.23,3.368
0422_07.csv,0422_07_mesh_2.ply,6337.592,3703.365,106.221,26.475,26.067,3.804
0423_09.csv,0423_09_mesh_1.ply,7274.005,4455.895,145.643,46.241,35.168,4.748
